Country,Technology,2000,2001,2002,2003,2004,2005,2006,2007,2008,2009,2010,2011,2012,2013,2014,2015,2016,2017,2018,2019,2020,2021
World,Solar,1227.669,1338.986,1639.059,2353.43,3440.379,4936.519,6505.593,8985.466,15264.541,23609.567,41603.63,73920.492,104311.845,141168.897,180216.107,228053.643,300198.964,395275.634,488819.762,591058.562,716787.807,849472.633
World,Wind,16932.483,23968.965,30733.412,38670.546,47685.392,58408.125,73161.673,91553.059,115565.29,150120.583,180851.529,220121.91,266918.239,299839.614,349306.767,416170.065,466866.028,514214.817,563465.659,621270.082,731763.194,824874.09
Africa,Solar,10.927,13.029,15.243,18.019,21.996,25.965,34.268,46.656,63.373,106.845,238.842,331.388,410.954,731.973,1738.12,2255.761,3413.417,5236.063,8195.268,9500.319,10788.859,11387.26
Africa,Wind,139.05,139.05,144.31,153.61,236.13,240.2,327.925,470.12,555.32,742.37,864.797,995.002,1127.604,1741.834,2399.398,3320.268,3826.414,4579.263,5471.553,5528.753,6484.653,7334.153
Algeria,Solar,0,0,0,0,0,0,0,0,0,0,25,25,25,25,26.1,74.1,244.1,425,448,448,448,448
Algeria,Wind,0,0,0,0,0,0,0,0,0,0,0,0,0,0,10.2,10.2,10.2,10.2,10,10,10,10
Angola,Solar,0,0.034,0.186,0.245,0.419,0.616,0.793,2.659,4.796,5.3,7.098,7.718,9.604,10.799,11.962,12.867,13.377,13.377,13.377,13.377,13.377,13.377
Angola,Wind,..,..,..,..,..,..,..,..,..,..,..,..,..,..,..,..,..,..,..,..,..,..
Benin,Solar,0,0,0,0,0,0,0,0,0,0,0,0,0,0,0.2,1.2,2.9,2.9,2.9,2.9,2.94,2.94
Benin,Wind,..,..,..,..,..,..,..,..,..,..,..,..,..,..,..,..,..,..,..,..,..,..
Botswana,Solar,0,0,0,0,0,0,0,0,0,0.02,0.139,0.169,1.615,1.715,1.86,2.153,3.279,3.401,3.706,5.906,5.943,5.943
Botswana,Wind,..,..,..,..,..,..,..,..,..,..,..,..,..,..,..,..,..,..,..,..,..,..
Burkina Faso,Solar,0.5,0.5,0.5,0.7,1.1,1.2,1.2,1.6,2.3,3,3.6,5.8,5.8,6.3,7,8,10,46.8,61.8,62.387,62.387,62.387
Burkina Faso,Wind,..,..,..,..,..,..,..,..,..,..,..,..,..,..,..,..,..,..,..,..,..,..
Burundi,Solar,0,0,0,0,0,0.1,0.2,0.3,0.4,0.4,0.6,0.8,1.603,2.603,2.803,3.103,4.103,5.103,5.103,5.103,5.103,5.103
Burundi,Wind,..,..,..,..,..,..,..,..,..,..,..,..,..,..,..,..,..,..,..,..,..,..
Cabo Verde,Solar,0,0,0,0,0,0,0,0,0,0,5.5,5.5,5.574,5.651,5.805,6.118,6.174,6.235,7.536,7.581,7.581,7.581
Cabo Verde,Wind,0,0,2.1,2.68,2.4,2.4,2.1,2.1,2.1,2.1,1.8,17,27.2,27.2,27.2,27.2,27.2,27.2,27.8,27.8,27.8,27.8
Cameroon,Solar,0,0,0,0.1,0.1,0.1,0.1,0.2,0.2,0.5,1,2.4,2.8,3.6,5.6,7.4,9,11.596,14.192,14.192,14.317,14.442
Cameroon,Wind,..,..,..,..,..,..,..,..,..,..,..,..,..,..,..,..,..,..,..,..,..,..
Cent Afr Rep,Solar,0,0,0,0,0,0.1,0.1,0.1,0.1,0.1,0.1,0.2,0.3,0.3,0.3,0.3,0.3,0.3,0.3,0.316,0.316,0.316
Cent Afr Rep,Wind,..,..,..,..,..,..,..,..,..,..,..,..,..,..,..,..,..,..,..,..,..,..
Chad,Solar,0,0,0,0,0,0,0,0,0,0,0.002,0.002,0.003,0.05,0.05,0.172,0.173,0.173,0.19,0.19,0.727,0.727
Chad,Wind,0,0,0,0,0,0,0,0,0,0,0,0,0,0,0,0,1.1,1.1,1.1,1.1,1.1,1.1
Comoros,Solar,..,..,..,..,..,..,..,..,..,..,..,..,..,..,..,..,..,..,..,..,..,..
Comoros,Wind,..,..,..,..,..,..,..,..,..,..,..,..,..,..,..,..,..,..,..,..,..,..
Congo DR,Solar,0,0,0,0,0,0,0,0,0,0,0,0.023,0.087,0.389,0.608,0.672,3.237,5.235,19.927,19.927,19.927,19.927
Congo DR,Wind,..,..,..,..,..,..,..,..,..,..,..,..,..,..,..,..,..,..,..,..,..,..
Congo Rep,Solar,0,0,0,0,0,0,0,0,0,0,0,0.07,0.12,0.23,0.46,0.46,0.46,0.57,0.72,0.72,0.72,0.72
Congo Rep,Wind,..,..,..,..,..,..,..,..,..,..,..,..,..,..,..,..,..,..,..,..,..,..
Cote d Ivoire,Solar,0.033,0.054,0.068,0.088,0.147,0.158,0.18,0.369,1.094,1.404,1.553,1.667,1.973,2.908,3.834,5.059,5.059,8.278,13.144,13.144,13.144,13.144
Cote d Ivoire,Wind,..,..,..,..,..,..,..,..,..,..,..,..,..,..,..,..,..,..,..,..,..,..
Djibouti,Solar,0,0,0,0,0,0,0,0,0,0,0,0,0.3,0.3,0.3,0.3,0.362,0.362,0.362,0.362,0.362,0.362
Djibouti,Wind,..,..,..,..,..,..,..,..,..,..,..,..,..,..,..,..,..,..,..,..,..,20
Egypt,Solar,0.1,0.5,0.6,0.6,0.6,0.6,0.6,0.7,0.9,1.3,15,35,35,35,35,36,59,180,764.2,1647.2,1675.39,1675.39
Egypt,Wind,74,74,74,74,150,150,235,315,395,440,555,555,555,555,555,755,755,755,1130,1132,1380,1640
Eq Guinea,Solar,..,..,..,..,..,..,..,..,..,..,..,..,..,..,..,..,..,..,..,..,..,..
Eq Guinea,Wind,..,..,..,..,..,..,..,..,..,..,..,..,..,..,..,..,..,..,..,..,..,..
Eritrea,Solar,0,0,0,0,0,0,0,0.001,0.001,0.001,0.004,0.005,0.023,0.035,7.859,7.859,8.209,10.209,17.709,19.959,22.209,24.459
Eritrea,Wind,0,0,0,0,0,0,0,0.825,0.825,0.825,0.825,0.825,0.825,0.825,0.825,0.825,0.825,0.825,0.825,0.825,0.825,0.825
Eswatini,Solar,0,0.003,0.003,0.009,0.048,0.115,0.152,0.216,0.246,0.275,0.617,0.735,0.761,0.778,0.804,0.83,0.93,0.93,0.93,0.93,0.93,10.93
Eswatini,Wind,..,..,..,..,..,..,..,..,..,..,..,..,..,..,..,..,..,..,..,..,..,..
Ethiopia,Solar,0,0,0,0,0,0,0,0.001,0.001,0.028,0.028,0.335,1.148,3.344,9.131,9.89,14.04,12.494,12.346,12.346,20.184,21.184
Ethiopia,Wind,0,0,0,0,0,0,0,0,0,0,0,81,81,171,171,324,324.006,324.006,324.006,324.006,324.006,324.006
Gabon,Solar,0,0,0.1,0.1,0.1,0.1,0.2,0.2,0.4,1.4,1.4,1.4,1.4,1.4,1.4,1.4,1.4,1.4,1.4,1.4,1.4,1.4
Gabon,Wind,..,..,..,..,..,..,..,..,..,..,..,..,..,..,..,..,..,..,..,..,..,..
Gambia,Solar,0,0.012,0.068,0.209,0.393,0.646,0.728,1.169,1.409,1.626,1.777,1.859,1.991,2.026,2.106,2.166,2.176,2.178,2.178,2.178,2.178,2.178
Gambia,Wind,0,0,0,0,0,0,0,0,0,0.15,0.15,0.15,1.05,1.05,1.214,1.214,1.214,1.214,1.214,1.214,1.214,1.214
Ghana,Solar,0,0,0,0,0,0,0,0,0,0,0,0,0,3.49,5.726,31.385,37.875,47.143,78.054,84.88,107.852,107.852
Ghana,Wind,0,0,0,0,0,0,0,0,0,0,0,0,0,0,0,0.02,0.02,0.02,0.02,0.02,0.02,0.02
Guinea,Solar,0,0,0,0,0,0,0,0,0,0.6,0.6,0.6,0.62,3.411,3.411,13.313,13.319,13.319,13.363,13.363,13.363,13.363
Guinea,Wind,..,..,..,..,..,..,..,..,..,..,..,..,..,..,..,..,..,..,..,..,..,..
Guinea Bissau,Solar,0,0,0,0,0,0,0,0,0,0,0,0,0,0,0,0.312,0.312,0.312,1.169,1.169,1.169,1.169
Guinea Bissau,Wind,..,..,..,..,..,..,..,..,..,..,..,..,..,..,..,..,..,..,..,..,..,..
Kenya,Solar,0,0,0,0,0,0.002,0.002,0.009,0.164,0.185,0.196,1.42,3.389,7.247,16.14,30.173,31.332,38.479,104.743,105.743,105.827,146.749
Kenya,Wind,0.4,0.4,0.4,0.4,0.4,0.4,0.4,0.4,0.4,0.4,5.65,5.65,5.65,5.65,5.85,26.1,26.1,26.21,336.1,336.1,336.1,436.1
Lesotho,Solar,0,0,0,0,0,0,0,0,0,0,0,0,0,0.363,0.363,0.363,0.363,0.363,0.363,0.363,0.363,0.363
Lesotho,Wind,..,..,..,..,..,..,..,..,..,..,..,..,..,..,..,..,..,..,..,..,..,..
Liberia,Solar,0,0,0,0,0,0,0,0,0,0,0.005,0.005,0.04,0.04,0.04,0.057,0.059,2.406,2.583,2.583,2.583,2.583
Liberia,Wind,..,..,..,..,..,..,..,..,..,..,..,..,..,..,..,..,..,..,..,..,..,..
Libya,Solar,0,0,0,0.2,0.7,1.2,1.7,2.2,2.7,3.2,3.7,4.2,4.9,4.9,4.9,4.9,4.9,5.11,5.11,5.11,5.111,6.333
Libya,Wind,..,..,..,..,..,..,..,..,..,..,..,..,..,..,..,..,..,..,..,..,..,..
Madagascar,Solar,0,0.007,0.007,0.007,0.1,0.1,0.3,0.4,0.8,1.1,1.5,2,2.6,5,7,9,11,13,33,33,33,33
Madagascar,Wind,0,0,0,0,0,0,0,0.015,0.015,0.095,0.172,0.177,0.177,0.177,0.177,0.177,0.177,0.177,0.177,0.177,0.177,0.177
Malawi,Solar,0,0,0,0,0,0,0.065,0.239,0.262,0.492,0.726,1.755,2.681,5.395,7.664,12.087,12.087,19.167,25.759,80.188,81.5,141.5
Malawi,Wind,..,..,..,..,..,..,..,..,..,..,..,..,..,..,..,..,..,..,..,..,..,..
Mali,Solar,0.087,0.258,0.438,0.828,1.394,1.711,2.504,3.405,3.922,3.922,6.449,9.857,15.741,15.741,16.15,17.178,17.571,19.252,19.252,19.297,69.542,99.542
Mali,Wind,..,..,..,..,..,..,..,..,..,..,..,..,..,..,..,..,..,..,..,..,..,..
Mauritania,Solar,0,0,0,0,0,0,0,0,0,0,0,0,0,18,18.151,18.166,34.766,34.766,86.846,87.509,87.509,87.509
Mauritania,Wind,0,0,0,0,0,0,0,0,0,0,0,0,0,4.4,4.4,34.4,34.4,34.4,34.4,34.4,34.4,34.4
Mauritius,Solar,0,0,0,0,0,0,0,0,0,0,0,0,1.42,2.46,18.21,18.68,27.29,28.84,67.49,83.49,83.49,83.49
Mauritius,Wind,0,0,0,0,0.2,0.2,0.2,0.2,0.2,0.7,1.3,1.3,1.29,1.28,1.28,1.28,10.65,10.63,10.63,10.63,10.63,10.63
Mayotte,Solar,0,0,0,0,0,0,0,0,0.512,1.809,8.344,12.443,13.067,13.137,13.234,13.234,13.326,15.146,15.146,15.146,18,18
Mayotte,Wind,..,..,..,..,..,..,..,..,..,..,..,..,..,..,..,..,..,..,..,..,..,..
Morocco,Solar,6.7,7,7.7,8.4,9.1,10,10.8,11.945,12.845,13.445,33.545,34.174,35.174,35.174,39.6,199.8,201.87,203.895,733.895,733.903,734,774.3
Morocco,Wind,54,54,54,54,54,54,54,114,114,221,221,255,255,495,797,797,897,1023,1225,1225,1405,1435
Mozambique,Solar,0,0,0,0,0,0,0,0,0,0,0,0.5,1.5,4.9,7,10,13,15,55,55,55,55
Mozambique,Wind,..,..,..,..,..,..,..,..,..,..,..,..,..,..,..,..,..,..,..,..,..,..
Namibia,Solar,0.97,1.15,1.5,1.56,1.58,1.59,1.88,2.44,2.98,3.64,4.21,7.35,11.072,14.589,16.465,20.965,35.965,74.765,92.518,144.958,144.958,144.958
Namibia,Wind,0,0,0,0,0,0.22,0.22,0.22,0.22,0.22,0.22,0.22,0.222,0.222,0.222,0.222,0.222,5.231,5.231,5.231,5.231,5.231
Niger,Solar,0.5,0.6,0.6,0.7,0.8,1,1.1,1.1,1.2,1.2,2.1,3,4,5,6,7,8,9.041,27.041,27.041,27.041,27.041
Niger,Wind,..,..,..,..,..,..,..,..,..,..,..,..,..,..,..,..,..,..,..,..,..,..
Nigeria,Solar,0,0,0,0,0,0,0,0,0,0,0,0,15.2,15.4,15.6,17,18.4,18.92,19.085,27.959,28.428,32.665
Nigeria,Wind,..,..,..,..,..,..,..,..,..,..,..,..,..,..,..,..,..,..,..,..,..,..
Reunion,Solar,0,0,0,0,0.263,0.526,3,5.8,10,42.5,89.3,131.1,153,156,167,186.6,186.4,187.8,190,191.34,205.34,217.34
Reunion,Wind,0,0,0,0,6.6,10.45,13.475,14.83,14.83,14.83,14.83,14.83,14.83,14.83,14.83,14.83,16.5,16.5,16.5,16.5,16.5,16.5
Rwanda,Solar,0,0,0,0,0,0,0,0.25,0.256,0.256,0.256,0.312,0.469,0.948,10.241,14.217,19.441,27.5,37.83,38.338,38.338,38.338
Rwanda,Wind,..,..,..,..,..,..,..,..,..,..,..,..,..,..,..,..,..,..,..,..,..,..
Saint Helena,Solar,..,..,..,..,..,..,..,..,..,..,..,..,..,..,..,..,..,..,..,..,..,..
Saint Helena,Wind,..,..,..,..,..,..,..,..,..,..,..,..,..,..,..,..,..,..,..,..,..,..
Sao Tome Prn,Solar,0,0,0,0,0,0,0,0,0,0,0,0,0,0.063,0.098,0.119,0.157,0.316,0.334,0.334,0.334,0.334
Sao Tome Prn,Wind,..,..,..,..,..,..,..,..,..,..,..,..,..,..,..,..,..,..,..,..,..,..
Senegal,Solar,1,1.14,1.28,1.42,1.56,1.7,1.84,2,2.26,2.57,3.29,4.79,5.9,7,9,9,42,107,148,171,171,237.5
Senegal,Wind,0,0,0,0,0,0,0,0,0,0,0,0,0,0,0,0,0,0,0,55.2,158.7,158.7
Seychelles,Solar,0,0,0,0,0,0,0,0,0,0,0,0,0,0.278,0.959,1.414,1.946,2.644,3.698,3.698,3.788,8.688
Seychelles,Wind,0,0,0,0,0,0,0,0,0,0,0,0,0,6,6,6,6,6,6,6,6,6
Sierra Leone,Solar,0,0,0,0,0.003,0.004,0.004,0.032,0.044,0.067,0.094,0.161,0.237,0.384,0.395,0.42,0.484,3.83,4.362,4.372,4.372,4.412
Sierra Leone,Wind,..,..,..,..,..,..,..,..,..,..,..,..,..,..,..,..,..,..,..,..,..,..
Somalia,Solar,0,0,0,0,0,0,0,0,0,0,0,0,0,0,0.1,0.17,4.67,6.894,7.068,7.068,15.538,23.538
Somalia,Wind,0,0,0,0,0,0,0,0,0,0,0,0,2.2,2.2,2.2,2.8,2.8,3.55,3.55,3.55,3.55,3.55
South Africa,Solar,0,0,0,0,0,0,0,0,0,0,1.959,5.658,11.303,261.625,1162.901,1351.656,2174.026,3446.73,4800.929,4904.991,5989.578,6221.095
South Africa,Wind,0,0,3.16,3.16,3.16,3.16,3.16,3.16,8.36,8.36,10.16,10.16,10.16,257,569,1079,1473,2094,2094,2094,2516,2955.5
South Sudan,Solar,0,0,0,0,0,0,0,0,0,0,0,0,0.16,0.16,0.16,0.16,0.428,0.449,0.737,0.835,0.835,1.278
South Sudan,Wind,..,..,..,..,..,..,..,..,..,..,..,..,..,..,..,..,..,..,..,..,..,..
Sudan,Solar,0,0,0.009,0.009,0.105,0.203,0.212,0.403,0.522,0.882,2.27,3.506,8.066,14.666,16.584,19.911,26.219,35.8,59.488,80.489,117.13,135.86
Sudan,Wind,..,..,..,..,..,..,..,..,..,..,..,..,..,..,..,..,..,..,..,..,..,..
Tanzania,Solar,0,0,0,0,0,0,0,0,0,0,0.031,0.303,1.164,3.674,11.188,12.795,18.524,22.072,26.471,23.644,23.644,23.644
Tanzania,Wind,..,..,..,..,..,..,..,..,..,..,..,..,..,..,..,..,..,..,..,..,2.4,2.4
Togo,Solar,0,0,0,0,0,0,0,0,0.041,0.045,0.124,0.258,0.353,0.433,0.822,1.704,2.145,2.541,3.504,5.474,6.202,56.241
Togo,Wind,..,..,..,..,..,..,..,..,..,..,..,..,..,..,..,..,..,..,..,..,..,..
Tunisia,Solar,0.837,0.971,1.084,1.144,1.184,1.194,1.206,1.216,1.316,1.396,1.813,2.896,5.571,9.537,17.074,27.547,38.06,47.076,63.749,80.049,94.89,94.89
Tunisia,Wind,10.65,10.65,10.65,19.37,19.37,19.37,19.37,19.37,19.37,53.69,53.69,53.69,173,200,233,240,240,240,245,245,245,245
Uganda,Solar,0.2,0.8,1.1,1.7,2.3,3,5.4,7.7,11.7,14.18,14.91,16.24,17.32,18.5,20,22,24,43.6,66.83,76.96,87.292,91.727
Uganda,Wind,..,..,..,..,..,..,..,..,..,..,..,..,..,..,..,..,..,..,..,..,..,..
Zambia,Solar,0,0,0,0,0,0,0,0,0,0,0,0,0,0.06,0.06,0.06,0.094,0.094,1.224,96.424,96.424,96.424
Zambia,Wind,..,..,..,..,..,..,..,..,..,..,..,..,..,..,..,..,..,..,..,..,..,..
Zimbabwe,Solar,0,0,0,0,0,0,0.002,0.002,0.002,0.002,0.002,0.177,0.905,1.97,2.702,4.326,5.109,6.252,10.607,16.483,18.283,30.024
Zimbabwe,Wind,..,..,..,..,..,..,..,..,..,..,..,..,..,..,..,..,..,..,..,..,..,..
Asia,Solar,369.496,503.914,709.348,947.373,1236.683,1604.312,1964.962,2286.884,2862.401,3715.257,5527.089,9649.229,16209.692,36224.99,60687.278,90572.954,140469.501,211815.434,276339.258,332679.124,410143.838,485847.661
Asia,Wind,1378.605,2140.012,2356.552,3546.56,5385.56,6879.86,10507.253,13991.923,20989.238,31307.888,46083.588,66026.8,82809.361,99542.487,124336.487,161803.565,184185.42,205015.3,229093.001,257667.152,332301.584,385396.247
Afghanistan,Solar,0,0,0,0,0,0,0,0,0,0.002,0.102,0.12,16.122,16.843,18.363,18.932,20.17,22.023,21.555,31.089,30.745,30.745
Afghanistan,Wind,0,0,0,0,0,0,0,0,0,0,0,0,0.1,0.1,0.1,0.1,0.1,0.4,0.4,0.4,0.4,0.4
Bangladesh,Solar,0.007,0.01,0.048,0.621,1.397,2.483,3.958,6.596,11.097,18.304,32.286,42.624,66.076,93.964,119.486,144.751,160.583,184.936,200.779,239.148,284.036,329.06
Bangladesh,Wind,0,0,0,0,0,0,0.9,0.9,1.9,1.9,1.9,1.9,1.9,1.9,1.9,2.9,2.9,2.9,2.9,2.9,2.9,2.9
Bhutan,Solar,0,0,0,0,0,0.131,0.275,0.275,0.275,0.275,0.275,0.275,0.275,0.275,0.275,0.275,0.275,0.275,0.275,0.275,0.275,0.455
Bhutan,Wind,0,0,0,0,0,0,0,0,0,0,0,0,0,0,0,0.6,0.6,0.6,0.6,0.6,0.6,0.6
Brunei Darsm,Solar,0,0,0,0,0,0,0,0,0,0,1.2,1.2,1.2,1.2,1.2,1.2,1.2,1.2,1.2,1.2,1.399,4.795
Brunei Darsm,Wind,..,..,..,..,..,..,..,..,..,..,..,..,..,..,..,..,..,..,..,..,..,..
Cambodia,Solar,0.094,0.185,0.283,0.328,0.36,0.543,0.693,1.556,1.902,2.14,2.196,3.899,4.687,5.877,9.187,12.189,18.363,29.378,28.783,124.015,315.036,427.936
Cambodia,Wind,0,0,0,0,0,0,0,0,0,0.25,0.25,0.25,0.25,0.25,0.25,0.25,0.25,0.25,0.25,0.25,0.25,0.25
China,Solar,33.515,38.02,56.53,66.6,76.6,141.2,160.2,199,253,414.8,1021.8,3107.8,6718.8,17758.8,28398.8,43548.8,77818.8,130832.29,175261.864,204970.8,253963.8,306972.8
China,Wind,341,383,449,547,763,1060,2070,4200,8387.728,17599.408,29633.478,46354.6,61596.873,76730.53,96819.13,131047.73,148516.89,164374.477,184664.877,209581.91,282112.67,328973.43
China HK SAR,Solar,..,..,..,..,..,..,..,..,..,..,..,..,..,..,..,..,..,..,..,..,..,..
China HK SAR,Wind,..,..,..,..,..,..,..,..,..,..,..,..,..,..,..,..,..,..,..,..,..,..
China Mac SAR,Solar,..,..,..,..,..,..,..,..,..,..,..,..,..,..,..,..,..,..,..,..,..,..
China Mac SAR,Wind,..,..,..,..,..,..,..,..,..,..,..,..,..,..,..,..,..,..,..,..,..,..
Chinese Taipei,Solar,0.1,0.2,0.33,0.45,0.57,1.04,1.41,2.44,5.58,9.51,34.555,129.912,231.281,409.938,635.951,884.251,1245.055,1767.702,2738.119,4149.539,5817.205,7700.213
Chinese Taipei,Wind,2.6,5,8.54,8.54,8.54,23.94,101.99,185.99,250.39,374.29,475.89,522.69,570.99,614.19,637.19,646.69,682.09,692.39,713.151,845.159,937.115,1033.368
India,Solar,1.084,5.535,6.705,7.885,7.81,11.567,9.603,25.099,27.723,39.362,65.362,565.815,982.082,1599.327,3772.508,5693.484,9979.021,18251.756,27453.098,35203.408,39385.158,49684.008
India,Wind,941,1563,1606,2461,3813,4433.9,6315,7844.52,10242.5,10925,13184,16179,17299.7,18420.4,22465.3,25088.19,28700.44,32848.46,35288.1,37505.18,38558.6,40067.265
Indonesia,Solar,0.341,0.613,0.937,1.304,1.333,1.386,2.216,5.702,9.504,13.436,14.581,16.989,26.423,38.377,41.648,78.561,88.42,97.503,65.47,155.04,185.33,211.43
Indonesia,Wind,0,0,0,0,0,0,0,0.1,0.26,1.06,0.34,0.93,0.93,0.63,1.12,1.46,1.46,1.46,143.51,154.31,154.31,154.31
Japan,Solar,330,453,637,860,1132,1422,1708,1919,2144,2627,3618,4914,6632,13599,23339,34150,42040,49500,56162,63192,69764,74191
Japan,Wind,84,175,277,508,769,1227,1805,1527,1756,1997,2294,2419,2562,2646,2753,2808,3247,3483,3498,3951,4371,4471
Kazakhstan,Solar,0,0,0,0,0,0.063,0.079,0.597,0.385,0.198,1.267,0.995,2.436,15.762,76.295,143.573,156.989,175.456,490.06,1149.7,1718.6,2834.466
Kazakhstan,Wind,0,0,0,0,0,0,0,0,0,0,0,0,1.5,4,52.81,71.755,98.16,112.4,121.45,283.8,486.3,1170.25
Korea DPR,Solar,0,0.027,0.038,0.257,0.335,0.364,0.417,0.459,0.494,0.637,0.951,1.69,2.294,6.139,10.958,22.794,31.534,34.78,37.78,41.78,41.78,51.78
Korea DPR,Wind,0,0,0,0,0,0,0,0,0.2,0.2,0.2,0.2,0.2,0.2,0.2,0.2,0.2,0.6,0.6,0.6,0.6,0.6
Korea Rep,Solar,4,5,5,6,9,14,36,81,357,524,650,730.2,1024.2,1555.2,2481.2,3615.2,4502.2,5835.2,8099,11952,14574.791,18160.575
Korea Rep,Wind,7,11,13,19,29,99,178,196,304,351,382,425,464,576,612,847,1067,1215,1420,1494,1635.802,1708.043
Kyrgyzstan,Solar,..,..,..,..,..,..,..,..,..,..,..,..,..,..,..,..,..,..,..,..,..,..
Kyrgyzstan,Wind,..,..,..,..,..,..,..,..,..,..,..,..,..,..,..,..,..,..,..,..,..,..
Lao PDR,Solar,0,0,0,0,0,0,0.002,0.002,0.003,0.008,0.015,0.016,0.016,0.476,1.538,1.89,2.045,8.117,34.045,34.045,34.045,34.045
Lao PDR,Wind,..,..,..,..,..,..,..,..,..,..,..,..,..,..,..,..,..,..,..,..,..,..
Malaysia,Solar,0,0,0,0,0,0,0,0.45,0.54,0.54,0.544,0.544,31.584,138.674,205.388,266.285,344.108,393.808,545.075,893.595,1482.597,1786.747
Malaysia,Wind,..,..,..,..,..,..,..,..,..,..,..,..,..,..,..,..,..,..,..,..,..,..
Maldives,Solar,0,0,0,0,0,0.012,0.052,0.072,0.074,0.144,0.166,0.184,1.324,1.753,3.882,4.799,7.488,10.791,16.478,20.605,26.705,30.805
Maldives,Wind,0,0,0,0,0,0,0,0,1.407,1.407,1.407,1.407,1.407,1.407,1.407,1.407,1.407,1.407,1.407,1.407,1.407,1.407
Mongolia,Solar,0,0,0,0.2,0.2,0.2,0.2,0.2,3.845,3.845,4.585,4.585,4.585,5.018,5.018,5.018,15.018,47.718,64.218,89.218,89.585,89.585
Mongolia,Wind,0.005,0.012,0.012,0.02,0.02,0.02,0.023,0.473,0.473,0.473,0.673,0.673,1.006,50.606,50.606,50.606,50.606,101.006,156.006,156.006,156,155.994
Myanmar,Solar,0,0,0,0,0,0,0,0.1,0.1,0.2,0.4,1.4,2.8,4.209,6.271,20.819,32.008,43.781,47.542,88.482,84.496,80.447
Myanmar,Wind,0,0,0,0,0,0,0,0,0,0,0,0,0,0,0,0.003,0.003,0.006,0.006,0.006,0.006,0.006
Nepal,Solar,0.028,0.291,0.637,1.04,1.445,1.85,1.752,1.568,2.008,3.774,4.292,8.474,9.251,10.823,11.542,13.381,13.552,54.303,52.496,50.735,66.885,93.183
Nepal,Wind,0,0,0,0,0,0,0,0,0,0,0,0,0,0.069,0.069,0.069,0.069,0.069,0.169,0.199,0.199,0.199
Pakistan,Solar,0,0,0,0,0,0,0,0.14,1.14,6.67,9.275,18.632,45.783,100.658,165.363,265.512,589.505,654.699,679.109,763.313,860.313,1083.313
Pakistan,Wind,0,0,0,0,0,0,0,0,6,6,6,6,56.155,106.055,205.555,308.355,590.655,789.155,1185.855,1235.855,1235.855,1335.155
Philippines,Solar,0,0,0,0,2,2.02,2.02,2.02,2.02,2.02,2.02,2.02,2.02,3.047,27.737,172.55,784.145,908.376,916.961,982.246,1057.881,1369.734
Philippines,Wind,0,0,0,0,0,33,33,33,33,33,33,33,33,33,336.9,426.9,426.9,426.9,426.9,442.9,442.9,442.9
Singapore,Solar,0,0,0,0,0,0,0,0,0.279,1.5,3,4.6,7.8,11.8,25.3,45.7,96.639,115.945,161.328,275.72,335.545,432.618
Singapore,Wind,0,0,0,0,0,0,0,0,0,0,0,0,0,0,0,0,0,0.1,0.1,0.1,0.1,0.1
Sri Lanka,Solar,0.325,0.925,1.604,2.282,2.882,3.56,4.239,4.918,5.597,6.275,6.956,9.58,9.663,13.023,19.64,31.154,62.539,130.822,184.968,285.438,370.91,434.21
Sri Lanka,Wind,3,3,3,3,3,3,3,3,3,3,33.85,43.85,76.65,81.45,121.45,131.45,131.45,131.45,128.45,128.45,179,252.5
Tajikistan,Solar,..,..,..,..,..,..,..,..,..,..,..,..,..,..,..,..,..,..,..,..,..,..
Tajikistan,Wind,..,..,..,..,..,..,..,..,..,..,..,..,..,..,..,..,..,..,..,..,..,..
Thailand,Solar,0,0,0,0,0,0,30.41,32.25,32.35,37,48.6,78.7,381.7,828.5,1303.5,1424.6,2451.1,2702.26,2967.44,2987.62,2987.62,3048.62
Thailand,Wind,0,0,0,0,0,0,0.34,0.94,1.08,5.1,5.6,7.3,111.7,222.7,224.5,233.9,507.04,627.82,1102.82,1506.82,1506.82,1506.82
Timor Leste,Solar,0,0,0,0,0.004,0.008,0.012,0.016,0.061,0.102,0.143,0.457,0.772,0.789,0.808,0.816,1.124,1.123,1.123,1.123,1.111,1.101
Timor Leste,Wind,..,..,..,..,..,..,..,..,..,..,..,..,..,..,..,..,..,..,..,..,..,..
Turkmenistan,Solar,..,..,..,..,..,..,..,..,..,..,..,..,..,..,..,..,..,..,..,..,..,..
Turkmenistan,Wind,..,..,..,..,..,..,..,..,..,..,..,..,..,..,..,..,..,..,..,..,..,..
Uzbekistan,Solar,0,0,0,0,0,0,0,0,0,0,0,0,0,1,1.13,1.13,2.33,3.2,3.5,3.5,3.5,103.5
Uzbekistan,Wind,0,0,0,0,0,0,0,0,0,0,0,0,0,0,0,0,0,0.75,0.75,0.75,0.75,0.75
Viet Nam,Solar,0.002,0.108,0.236,0.406,0.747,1.885,3.424,3.424,3.424,3.515,4.518,4.518,4.518,4.518,5.29,5.29,5.29,7.992,104.992,4993.49,16660.49,16660.49
Viet Nam,Wind,0,0,0,0,0,0,0,0,1.3,8.8,31,31,31,53,53,136,160.2,204.7,236.7,374.55,518,4118
C America + Carib,Solar,2.613,3.96,5.017,6.299,7.537,9.185,13.745,18.592,24.827,44.779,76.623,118.999,201.638,282.156,343.056,1040.426,1245.808,1610.931,1996.51,2483.329,2790.641,3275.606
C America + Carib,Wind,53.27,82.07,85.37,99.77,121.57,123.27,125.17,135.07,136.26,255.66,301.79,454.54,728.14,821.64,945.74,1301.75,1544.27,1599.49,1708.964,1944.514,1968.839,2001.039
Anguilla,Solar,0,0,0,0,0,0,0,0,0,0,0,0,0.062,0.062,1.141,1.141,2.141,2.141,1.141,1.511,1.511,1.511
Anguilla,Wind,..,..,..,..,..,..,..,..,..,..,..,..,..,..,..,..,..,..,..,..,..,..
Antigua Barb,Solar,0,0,0,0,0,0,0,0,0,0.1,0.1,0.3,0.3,0.4,0.4,3.4,3.51,4.314,8.714,8.714,12.864,12.864
Antigua Barb,Wind,0,0,0,0,0,0,0,0,0,0,0,0,0,0,0,0,0,0,0,0,4,4
Aruba,Solar,0,0,0,0,0,0,0,0,0,0,0.1,0.3,1,1.6,4.9,6.1,6.1,6.1,6.1,6.1,6.1,6.1
Aruba,Wind,0,0,0,0,0,0,0,0,0,30,30,30,30,30,30,30,30,30,30,30,30,30
Bahamas,Solar,0,0,0,0,0,0,0,0.1,0.1,0.2,0.3,0.411,0.62,0.625,1.276,1.297,1.45,1.396,1.365,2.233,2.233,2.233
Bahamas,Wind,..,..,..,..,..,..,..,..,..,..,..,..,..,..,..,..,..,..,..,..,..,..
Barbados,Solar,0,0.1,0.1,0.1,0.1,0.2,0.2,0.6,0.6,0.8,1,1.25,1.5,1.7,6.5,9,20,21,22,35,50,50
Barbados,Wind,0,0,0,0,0,0,0,0,0,0,0,0,0,0,0,0,0.02,0.02,0.02,0.02,0.02,0.02
Belize,Solar,0.01,0.05,0.085,0.14,0.175,0.29,0.295,0.365,0.5,0.585,0.665,0.81,1.875,1.91,2.57,3.87,3.87,3.87,4.153,6.3,6.55,6.55
Belize,Wind,0.02,0.02,0.02,0.02,0.02,0.02,0.02,0.02,0.02,0.02,0.02,0.02,0.02,0.02,0.02,0.02,0.02,0.02,0.02,0.02,0.02,0.02
BES Islands,Solar,0,0,0,0,0,0,0,0,0,0,0,0,0,0,0,0.3,2.19,4.45,5.59,6.59,6.59,6.59
BES Islands,Wind,0,0,0,0,0,0,0,11.1,11.1,11.1,11.1,11.1,11.1,11.1,11.1,11.1,11.1,11.1,11.1,11.1,11.1,11.1
Br Virgin Is,Solar,0,0,0,0,0,0,0,0,0,0,0.07,0.07,0.07,0.07,0.07,0.195,0.195,0.195,0.195,0.195,0.195,0.195
Br Virgin Is,Wind,0,0,0,0,0,0,0,0,0,0,0.5,0.5,0.5,0.5,0.5,0.5,0.5,0.5,0.5,0.5,0.5,0.5
Cayman Is,Solar,0,0,0,0,0,0,0,0,0,0,0,0,0,0,0,0,2.754,8.766,9.917,11.094,12.737,13.701
Cayman Is,Wind,..,..,..,..,..,..,..,..,..,..,..,..,..,..,..,..,..,..,..,..,..,..
Costa Rica,Solar,0.246,0.591,1.09,1.665,2.048,2.57,3.192,3.756,4.55,5.049,6.198,6.842,9.862,12.714,16.671,22.484,23.568,27.968,27.968,48.446,56.794,73.741
Costa Rica,Wind,42.5,62.3,62.3,68.6,68.6,68.6,68.6,66,66,115.5,115.5,128.3,143.6,143.6,193.1,272.1,365.1,377.82,407.77,410.92,393.52,393.52
Cuba,Solar,0,0,0,0,0,0,0,0,0,0,0,0,0.6,11,22,23.8,37,65.467,128.085,159.3,216.974,245.947
Cuba,Wind,0.45,0.45,0.45,0.45,0.45,2.15,2.15,2.15,7.25,7.25,7.25,11.75,11.75,11.75,11.75,11.75,11.75,11.75,11.75,11.75,11.75,11.75
Curacao,Solar,0,0,0,0,0,0,0,0,0,0,0,0,0.1,3.1,7.7,10.1,11.1,11.1,11.9,11.9,13.2,13.2
Curacao,Wind,3,12,12,12,12,12,12,12,8,8,8,8,30,30,30,30,30,46.5,46.5,46.5,46.5,46.5
Dominica,Solar,0.08,0.08,0.09,0.09,0.1,0.1,0.12,0.18,0.2,0.21,0.22,0.22,0.23,0.23,0.23,0.23,0.63,0.63,0.315,0.315,0.315,0.315
Dominica,Wind,0,0,0,0,0,0,0,0,0.01,0.01,0.24,0.24,0.24,0.24,0.24,0.24,0.24,0.24,0.24,0.24,0.24,0.24
Dominican Rep,Solar,0,0,0,0,0,0,0,0,0,0,0,0.009,2.254,7.855,15.049,25.425,72.76,106.031,205.079,315.217,385.622,489.599
Dominican Rep,Wind,0,0,0,0,0,0,0,0,0,0,0,33.45,85.45,85.45,85.45,85.45,134.95,134.95,182.95,369.95,370.3,370.3
El Salvador,Solar,0.044,0.044,0.044,0.044,0.044,0.044,0.044,0.044,0.044,0.044,0.044,0.044,0.044,12.503,12.503,23.576,24.787,120.523,197.696,403.202,478.446,478.446
El Salvador,Wind,..,..,..,..,..,..,..,..,..,..,..,..,..,..,..,..,..,..,..,..,36,36
Grenada,Solar,0,0,0,0,0,0,0,0,0.069,0.112,0.179,0.27,0.312,0.515,0.698,1.023,2.186,2.283,2.655,3.274,3.601,3.601
Grenada,Wind,0,0,0,0,0,0,0,0,0.08,0.08,0.08,0.08,0.08,0.08,0.08,0.08,0.08,0.08,0.08,0.08,0.08,0.08
Guadeloupe,Solar,0,0,0,0,0,0.363,1.225,2.482,3.688,10.9,22.4,28.5,60,66.6,66.6,67.1,68,70,70,81,85.419,86.455
Guadeloupe,Wind,7.3,7.3,10.6,18.7,18.7,18.7,20.6,22,22,22,23.4,23.4,23.4,23.4,23.4,27,26.4,26.4,26.4,42.4,41.675,51.575
Guatemala,Solar,0.058,0.113,0.157,0.174,0.202,0.236,0.28,0.308,0.401,0.485,0.602,0.778,1.525,2.56,10.434,93.308,93.308,99.308,100.808,100.808,100.808,101.308
Guatemala,Wind,0,0,0,0,0,0,0,0,0,0,0,0,0,0,0,75.9,75.9,75.9,107.4,107.4,107.4,107.4
Haiti,Solar,0,0,0,0,0,0,0,0,0,0.01,0.558,0.586,1.158,1.411,1.597,1.964,2.005,2.535,2.554,2.607,2.607,2.607
Haiti,Wind,0,0,0,0,0,0,0,0,0,0,0,0,0,0,0,0,0,0,0.024,0.024,0.024,0.024
Honduras,Solar,1.599,1.804,1.975,2.128,2.376,2.668,2.872,3.228,3.228,3.512,3.728,4.479,5.156,5.156,5.156,393.156,414.156,453.786,513.686,514,514,514
Honduras,Wind,0,0,0,0,0,0,0,0,0,0,0,102,102,152,152,152,175,225,225,241.3,241.3,241.3
Jamaica,Solar,0,0.1,0.1,0.1,0.2,0.2,0.2,0.4,0.6,0.7,1,1.5,1.8,2.106,4.108,6.513,27.513,55.513,55.513,92.513,92.513,92.513
Jamaica,Wind,0,0,0,0,20.7,20.7,20.7,20.7,20.7,20.7,38.9,38.9,38.9,38.9,38.9,38.9,99,99,99,99,99,99
Martinique,Solar,0,0,0,0,0,0,2.5,4,7.3,14.2,26.4,48,60,62,62.5,65.4,66.9,68.4,71,75.846,76.028,78.299
Martinique,Wind,0,0,0,0,1.1,1.1,1.1,1.1,1.1,1.1,1.1,1.1,1.1,1.1,1.1,1.1,1.1,1.1,1.1,13,15.1,14
Montserrat,Solar,0,0,0,0,0,0,0,0,0,0,0,0,0,0,0,0,0,0,0,0.25,0.25,1
Montserrat,Wind,..,..,..,..,..,..,..,..,..,..,..,..,..,..,..,..,..,..,..,..,..,..
Nicaragua,Solar,0,0,0,0,0,0,0,0,0,0,0,0,0,1.38,1.38,1.38,1.38,13.96,13.96,16.36,16.36,16.36
Nicaragua,Wind,0,0,0,0,0,0,0,0,0,39.9,63,63,146.6,146.6,186.2,186.2,186.2,186.2,186.2,186.2,186.2,186.2
Panama,Solar,0.235,0.411,0.497,0.636,0.636,0.752,0.832,1.019,1.277,1.532,1.868,2.403,2.994,3.711,6.111,49.311,93.011,146.711,210.443,221.752,242.112,465.132
Panama,Wind,0,0,0,0,0,0,0,0,0,0,0,0,0,20,55,252.5,270,270,270,270,270,270
Puerto Rico,Solar,0,0,0,0,0,0,0,0,0,3.8,8.34,18.87,46.61,77.005,81.797,212.05,246.703,301.563,304.502,336.131,384.141,490.668
Puerto Rico,Wind,0,0,0,0,0,0,0,0,0,0,0.5,0.5,101.2,124.6,124.6,124.6,124.6,100.6,100.6,101.8,101.8,125.2
St Barth,Solar,0,0,0,0,0,0,0,0,0,0,0,0,0,0,0,0,0.024,0.024,0.024,0.024,0.024,0.024
St Barth,Wind,..,..,..,..,..,..,..,..,..,..,..,..,..,..,..,..,..,..,..,..,..,..
St Kitts Nevis,Solar,0,0,0,0,0,0,0,0,0,0,0,0.02,0.02,0.36,1.441,1.441,1.941,1.941,1.941,1.941,1.941,1.941
St Kitts Nevis,Wind,0,0,0,0,0,0,0,0,0,0,2.2,2.2,2.2,2.2,2.2,2.2,2.2,2.2,2.2,2.2,2.2,2.2
St Lucia,Solar,0,0,0,0,0,0,0,0,0,0.01,0.02,0.02,0.05,0.06,0.1,0.76,0.835,0.835,3.835,3.835,3.835,3.835
St Lucia,Wind,..,..,..,..,..,..,..,..,..,..,..,..,..,..,..,..,..,..,..,..,..,..
St Maarten,Solar,..,..,..,..,..,..,..,..,..,..,..,..,..,..,..,..,..,..,..,..,..,..
St Maarten,Wind,..,..,..,..,..,..,..,..,..,..,..,..,..,..,..,..,..,..,..,..,..,..
St Martin,Solar,0,0,0,0,0,0,0,0,0,0,0,0,0,1.4,1.6,2.6,1.8,0.1,0.1,0.5,0.5,0.5
St Martin,Wind,..,..,..,..,..,..,..,..,..,..,..,..,..,..,..,..,..,..,..,..,..,..
St Vincent Gren,Solar,0,0,0,0,0,0,0,0,0,0,0,0.01,0.055,0.431,0.431,0.75,1.2,1.27,1.27,1.87,1.87,1.87
St Vincent Gren,Wind,..,..,..,..,..,..,..,..,..,..,..,..,..,..,..,..,..,..,..,..,..,..
Trinidad Tobago,Solar,0.341,0.667,0.879,1.222,1.656,1.762,1.985,2.11,2.27,2.53,2.831,2.831,2.831,2.831,3.142,3.568,3.568,3.568,3.568,3.568,3.568,3.568
Trinidad Tobago,Wind,0,0,0,0,0,0,0,0,0,0,0,0,0,0,0,0.01,0.01,0.01,0.01,0.01,0.01,0.01
Turks Caicos,Solar,0,0,0,0,0,0,0,0,0,0,0,0,0,0,0,0.03,0.03,0.19,0.44,0.94,0.94,0.94
Turks Caicos,Wind,..,..,..,..,..,..,..,..,..,..,..,..,..,..,..,..,..,..,..,..,..,..
US Virgin Is,Solar,0,0,0,0,0,0,0,0,0,0,0,0.476,0.61,0.861,4.951,9.154,9.193,4.993,9.993,9.993,9.993,9.993
US Virgin Is,Wind,0,0,0,0,0,0,0,0,0,0,0,0,0,0.1,0.1,0.1,0.1,0.1,0.1,0.1,0.1,0.1
Eurasia,Solar,0.1,0.3,0.6,1,1.5,2,2.5,3.1,3.8,4.8,6.01,7.723,12.793,20.959,48.4,316.12,936.47,3678.07,5651.41,7358.531,8230.231,9704.381
Eurasia,Wind,22,22,26,28,28,33.64,71.64,158.64,376.64,806.64,1334.64,1743.64,2275.64,2775.34,3645.34,4524.5,5800.525,6565.675,7146.211,7782.981,9867.581,12652.981
Armenia,Solar,0,0,0,0,0,0,0,0,0,0,0,0,0,0,0,0,1,2.4,17.32,50,95,182.75
Armenia,Wind,0,0,0,0,0,2.64,2.64,2.64,2.64,2.64,2.64,2.64,2.64,2.64,2.64,2.6,2.925,2.925,2.925,2.925,2.925,2.925
Azerbaijan,Solar,0,0,0,0,0,0,0,0.1,0.1,0.1,0.3,1,1,1,2.4,4.8,24.9,28.4,34.9,35.4,38.4,43.4
Azerbaijan,Wind,0,0,0,0,0,0,0,0,0,2,2,2,2,2.7,2.7,8,15.7,15.7,66,66,66,67.1
Georgia,Solar,0,0,0,0,0,0,0,0,0,0,0,0,0,0,0,0,0.25,0.25,0.262,0.656,0.656,0.656
Georgia,Wind,0,0,0,0,0,0,0,0,0,0,0,0,0,0,0,0,20,20,20,21,21,21
Russian Fed,Solar,0,0,0,0,0,0,0,0,0,0,0.01,0.023,0.093,1.259,5,61.32,76.32,225.32,535.32,1276.32,1427.82,1661.02
Russian Fed,Wind,3,3,7,9,9,10,10,10,10,10,10,10,10,10,10,10.9,10.9,10.9,51.9,101.9,945.3,1955
Turkey,Solar,0.1,0.3,0.6,1,1.5,2,2.5,3,3.7,4.7,5.7,6.7,11.7,18.7,41,250,834,3421.7,5063.608,5996.155,6668.355,7816.555
Turkey,Wind,19,19,19,19,19,21,59,146,364,792,1320,1729,2261,2760,3630,4503,5751,6516.15,7005.386,7591.156,8832.356,10606.956
Europe,Solar,200.1,300.36,384.994,623.771,1335.364,2315.507,3277.667,5050.852,10519.16,17119.742,30857.875,54720.669,73723.005,84170.375,91092.091,99605.114,106171.497,112301.655,121620.356,142435.99,162835.468,185876.867
Europe,Wind,12730.915,17392.933,23288.111,28152.946,34320.367,40684.29,47918.9,56340.808,64055.294,75807.537,84920.251,94714.225,107195.971,118180.897,130209.454,143010.158,155763.202,170624.368,181904.248,196339.264,207878.164,222051.504
Albania,Solar,0,0.1,0.2,0.2,0.2,0.2,0.2,0.2,0.2,0.3,0.4,0.564,0.679,0.758,0.874,1.05,1,1,1,14,16.85,21.95
Albania,Wind,..,..,..,..,..,..,..,..,..,..,..,..,..,..,..,..,..,..,..,..,..,..
Andorra,Solar,0,0,0,0,0,0,0,0,0,0,0,0,0,0,0.186,0.226,0.244,0.489,1.09,1.989,2.927,3.827
Andorra,Wind,..,..,..,..,..,..,..,..,..,..,..,..,..,..,..,..,..,..,..,..,..,..
Austria,Solar,5,7,9,23,27,21.018,22.387,24.238,30.12,48.915,88.813,174.07,337.483,625.974,785.246,937.098,1096.016,1268.971,1455.132,1702.093,2042.934,2691.934
Austria,Wind,50,67,109,322,581,825.219,968.269,991.159,991.974,1000.985,1015.828,1105.966,1337.15,1674.538,2110.275,2488.726,2729.996,2886.698,3132.713,3224.117,3225.985,3523.985
Belarus,Solar,0,0,0,0,0,0,0,0,0,0,0,0,0,0,4,6,47,80,154,154,160,269
Belarus,Wind,0.25,0.6,1.1,1.1,1.1,1.1,1.1,1.9,1.9,1.9,1.9,2,5,7,9,22,62,84,92,112,112,112
Belgium,Solar,0,0,1,1,1,2,2,20,62,386,1006.6,1978.6,2646.6,2901.6,3015,3131.6,3328.8,3620.6,4000,4636.6,5574.8,6584.6
Belgium,Wind,14,26,31,67,96,167,212,276,324,608,912,1069,1370,1780,1944,2176,2370,2787.5,3267.9,3863.4,4680.9,4779.64
Bosnia Herzg,Solar,0,0,0,0.1,0.2,0.3,0.3,0.3,0.3,0.3,0.3,0.3,0.349,1.339,7.166,8.17,14.12,16,18.15,22.35,34.89,53
Bosnia Herzg,Wind,0,0,0,0,0,0,0,0,0,0,0,0.3,0.3,0.3,0.3,0.3,0.3,0.3,51,87,135,135
Bulgaria,Solar,0,0,0,0,0,0,0,0.03,0.1,2,25,154,1013,1020,1026,1029,1028,1035.57,1032.679,1047.95,1097.357,1186.357
Bulgaria,Wind,0,0,0,0,1,8,27,30,114,333,488,541,677,683,699,699,699,698.39,698.92,703.12,702.8,704.8
Croatia,Solar,0,0,0,0,0,0,0,0,0,0.3,0.3,0.3,4,19,33,47.8,55.8,60,67.7,84.8,108.5,108.5
Croatia,Wind,0,0,0,0,6,6,17,17,17,70,79,130,180,254,339,418,483,576.1,586.3,646.3,801.3,988.3
Cyprus,Solar,0,0,0,0,1,1,1,1,2,4,7,10,17,35,64,76,84,110.046,118.479,151.261,229.134,316
Cyprus,Wind,0,0,0,0,0.225,0.225,0.225,0.225,0.225,0.225,82.225,134.225,147.225,147.225,147.225,157.725,157.725,157.725,157.725,157.725,157.725,157.725
Czechia,Solar,0.1,0.1,0.2,0.3,0.4,0.586,0.841,3.961,39.5,464.6,1727,1913,2022,2063.5,2067.4,2074.9,2067.9,2069.5,2075.072,2086.424,2122.711,2119.211
Czechia,Wind,2,0,6.4,10.6,16.5,22,43.5,113.8,150,193,213,213,258,262,278,281,282,308.205,316.2,339.414,339.424,339.424
Denmark,Solar,1,1,2,2,2,3,3,3,3,5,7,17,402,571,607,782.108,850.953,906.35,998,1080,1304.294,1540.294
Denmark,Wind,2390.015,2497.153,2894.531,3119.916,3123.712,3127.836,3135.696,3124.214,3162.87,3482.087,3801.829,3951.981,4161.941,4818.923,4886.403,5076.966,5245.142,5488.949,6115.046,6102.94,6259.455,7013.565
Estonia,Solar,0,0,0,0,0,0,0,0,0,0.1,0.1,0.2,0.38,1.5,3.34,6.5,10,15,31.9,120.6,207.67,413.7
Estonia,Wind,0,0,1,3,7,31,31,50,77,104,108,180,266,248,275,300,310,311.8,310,316,317,317
Faroe Islands,Solar,0,0,0,0,0,0,0,0,0,0,0,0,0,0,0,0,0,0,0,0.261,0.261,0.261
Faroe Islands,Wind,0.15,0.15,0.15,2.13,2.13,4.11,4.11,4.11,4.11,4.11,4.11,4.11,8.61,8.61,20.31,20.31,20.31,20.31,16.35,12.75,19.05,19.05
Finland,Solar,2,3,3,3,4,4,5,5,6,6,7,7,8,9,11,17,39,82,140,222,318,404
Finland,Wind,38,39,43,52,82,82,86,110,143,147,197,199,257,447,627,1005,1565,2044,2041,2284,2586,3257
France,Solar,7,7,8,9,11,13,15,26,80,277,1044,3003.574,4358.754,5277.289,6034.418,7137.517,7702.081,8610.437,9672.296,10816.874,12031.225,14718.225
France,Wind,38,66,138,218,358,690,1412,2223,3403,4582,5912,6758.016,7607.496,8155.961,9201.425,10298.18,11566.564,13499.357,14900.146,16456.854,17484.001,18676.001
Germany,Solar,114,195,260,435,1105,2056,2899,4170,6120,10566,18006,25916,34077,36710,37900,39224,40679,42293,45158,48914,53721,58461
Germany,Wind,6095,8754,12001,14381,16419,18248,20474,22116,22794,25732,26903,28712,30979,33477,38614,44580,49435,55580,58721,60742,62188,63760
Gibraltar,Solar,..,..,..,..,..,..,..,..,..,..,..,..,..,..,..,..,..,..,..,..,..,..
Gibraltar,Wind,..,..,..,..,..,..,..,..,..,..,..,..,..,..,..,..,..,..,..,..,..,..
Greece,Solar,0,1,1,1,1,1,5,9,12,46,202,612,1536,2579,2596,2604,2604,2605.53,2651.57,2833.794,3287.72,3530
Greece,Wind,226,270,287,371,470,491,749,846,1022,1171,1298,1640,1753,1809,1978,2091,2370,2624,2877.495,3589,4119.25,4457.25
Holy See,Solar,..,..,..,..,..,..,..,..,..,..,..,..,..,..,..,..,..,..,..,..,..,..
Holy See,Wind,..,..,..,..,..,..,..,..,..,..,..,..,..,..,..,..,..,..,..,..,..,..
Hungary,Solar,0,0,0,0,0,0,0,0.4,1,1,2,4,12,35,89,172,235,344,728,1400,2131,2131
Hungary,Wind,0,1,1,3,3,17,33,61,134,203,293,331,325,329,329,329,329,329,329,323,321,321
Iceland,Solar,0,0,0,0,0,0,0,0,0,0,0,0,0.64,0.92,1.139,2.539,3.527,4.333,5.275,7.001,7.001,7.001
Iceland,Wind,0,0,0,0,0,0,0,0,0,0,0,0,0,2,3,3,3,2.43,2.4,2.4,1.8,1.8
Ireland,Solar,0,0,0,0,0,0,0,0,0,0.617,0.693,0.789,0.94,1.017,1.629,2.352,5.927,16.813,31.571,58.36,92.84,136.285
Ireland,Wind,116.5,122.9,134.8,210.3,336.4,493.3,676.5,740.5,942.3,1251.3,1390.4,1584.6,1704.35,1923.3,2283.25,2451.15,2801.65,3319.15,3673.85,4126.45,4306.7,4332.05
Italy,Solar,19,20,22,26,31,34,45,110,483,1264,3596.72,13135.72,16789.72,18190.07,18600.07,18907.07,19289.07,19688.363,20113.659,20871.345,21656.11,22698.11
Italy,Wind,363,664,780,874,1127,1635,1902,2702,3525,4879,5794,6918,8102,8542,8683,9137,9384,9736.578,10230.246,10679.46,10870.622,11275.622
Kosovo*,Solar,0,0,0,0,0,0,0,0,0,0,0,0,0,0,0,0.102,1.95,6.602,6.602,10,10,10
Kosovo*,Wind,0,0,0,0,0,0,0,0,0,0,1,1,1,1,1,1,1,33.75,33.75,33.75,32,137
Latvia,Solar,0,0,0,0,0,0,0,0,0,0,0,0,0.2,0.2,0.2,0.2,0.69,0.69,1.962,3.302,5.102,8.102
Latvia,Wind,2,2,22,26,26,26,26,26,28,29,30,36,59,65.892,68.915,68.165,69.905,77.105,78.172,77.922,77.922,80.922
Liechtenstein,Solar,..,..,..,..,..,..,..,..,..,..,..,..,..,..,..,..,..,..,..,..,..,..
Liechtenstein,Wind,..,..,..,..,..,..,..,..,..,..,..,..,..,..,..,..,..,..,..,..,..,..
Lithuania,Solar,0,0,0,0,0,0,0,0,0.1,0.1,0.1,0.3,7,68,69,69,70,77.669,92,133,248,338
Lithuania,Wind,0,0,0,0,1,1,31,47,54,98,133,202,275,279,288,436,509,518,533,534,540,671
Luxembourg,Solar,0,0.16,1.593,14.17,23.561,23.583,23.696,23.934,24.562,26.357,29.451,40.666,74.654,95.021,109.933,116.272,121.896,128.103,130.624,159.736,186.643,208.643
Luxembourg,Wind,14,13.9,13.9,20.5,34.9,34.9,34.9,34.9,42.915,42.93,43.727,44.527,58.327,58.327,58.342,63.794,119.694,119.694,122.894,135.794,152.744,156.744
Malta,Solar,0,0,0,0,0,0.1,0.1,0.1,0.2,0.9,0.8,5.3,15.7,28.5,54.6,74.8,93.6,111.763,131.89,155.161,187.892,195.889
Malta,Wind,0,0,0,0,0,0,0,0,0,0,0,0,0.1,0.1,0.1,0.07,0.1,0.1,0.1,0.1,0.1,0.1
Moldova Rep,Solar,0,0,0,0,0,0,0,0,0,0,0,0,0,0,1,1,2.33,2.061,3,5,4.3,8.48
Moldova Rep,Wind,0,0,0,0,0,0,0,0,0,0,0,0,0,1,1,1,1.778,9.19,33,35,37,50.89
Monaco,Solar,..,..,..,..,..,..,..,..,..,..,..,..,..,..,..,..,..,..,..,..,..,..
Monaco,Wind,..,..,..,..,..,..,..,..,..,..,..,..,..,..,..,..,..,..,..,..,..,..
Montenegro,Solar,0,0,0,0,0,0,0.023,0.177,0.352,0.447,0.584,0.808,0.938,1.109,2.149,2.719,3.119,3.389,4.459,5.339,6.049,6.529
Montenegro,Wind,0,0,0,0,0,0,0,0,0,0,0,0,0,0,0,0,0,72,72,118,118,118
Netherlands,Solar,13,21,26,46,50,51,53,54,59,69,90,149,287,650,1007,1526,2135,2911,4608,7226,10949.72,14249
Netherlands,Wind,447,486,672,905,1075,1224,1561,1749,2149,2222,2237,2316,2433,2713,2865,3391,4257,4202,4393,4484.158,6618.75,7801
North Macedonia,Solar,0,0,0,0,0,0,0,0,0,0,0.01,2,4,7,15,17,16.699,16.699,20.599,26.152,94.205,94.205
North Macedonia,Wind,0,0,0,0,0,0,0,0,0,0,0,0,0,0,37,37,37,37,37,37,37,37
Norway,Solar,6,6,6,7,7,7,8,8,8.3,8.7,9.1,9.5,10,11,13,15,26.7,44.9,68.405,119.826,159.8,224.8
Norway,Wind,13,13,97,97,152,265,284,348,395,423,425,512,705,818,859,867,883,1207,1710,2914,4030,4650
Poland,Solar,0,0,0,0,0,0,0,0,0,0,0,1.11,1.3,2.393,27.15,107.777,187.247,287.091,561.976,1539.259,3954.963,6256.754
Poland,Wind,4,19,32,35,40,121,172,306,526,709,1108,1800,2564,3429,3836,4886,5747,5759.357,5766.078,5836.823,6298.25,6958.25
Portugal,Solar,1,1,1,2,2,2,3,24,59,115,134,172,238,296,415,447,512.824,579.236,667.431,901.438,1100.292,1801.292
Portugal,Wind,83,125,190,268,553,1064,1681,2201,2857,3326,3796,4256.215,4411.552,4609.949,4856.556,4936.838,5124.103,5124.105,5172.359,5222.745,5122.259,5248.259
Romania,Solar,0,0,0,0,0,0,0,0,0.1,0.1,0.1,1,41,761,1293,1326,1372,1374.199,1385.911,1397.796,1382.63,1397.63
Romania,Wind,0,0,0,0,0,1,1,3,5,15,389,988,1822,2773,3244,3130,3025,3029.798,3032.258,3037.515,3012.527,3012.527
San Marino,Solar,..,..,..,..,..,..,..,..,..,..,..,..,..,..,..,..,..,..,..,..,..,..
San Marino,Wind,..,..,..,..,..,..,..,..,..,..,..,..,..,..,..,..,..,..,..,..,..,..
Serbia,Solar,0,0,0,0,0,0.673,0.926,0.926,2.326,3.006,3.304,3.668,7.068,9.722,13.428,15.832,17.241,18.388,20.766,23.448,30.508,51.838
Serbia,Wind,0,0,0,0,0,0,0,0,0,0,0,0,0.5,0.5,0.5,10.4,17,25,227,398,398,398
Slovakia,Solar,0,0,0,0,0,0,0,0,0,0,19,496,513,533,533,533,533,528,472,590,535,535
Slovakia,Wind,0,0,0,3,3,5,5,5,5,3,3,3,3,5,3,3,3,4,3,4,3,3
Slovenia,Solar,1,1,0.001,0.001,0.003,0.047,0.194,0.586,1,4,12,57,142,187,223,238,233,246.8,246.8,277.877,369.78,366.78
Slovenia,Wind,0,0,0,0,0,0,0,0,0,0,0,0,2,2,3,3,3,3.3,3.3,3.3,3.3,2.3
Spain,Solar,10,13,17,22,33,52,141,505,3445,3705,4605,5432,6569,6994.063,7001.063,7008.063,7017.063,7027.063,7067.67,11143.266,12589.49,15952.49
Spain,Wind,2206,3397,4891,5945,8317,9918,11722,14820,16555,19176,20693,21529,22789,22958,22925,22943,22990,23124.479,23405.055,25590.076,26819.19,27497.19
Sweden,Solar,3,3,3,4,4,4,5,6,8,9,11,12,24,43,60,104,153,244,428,714,1107,1577.4
Sweden,Wind,209,295,357,417,475,522,585,823,1089,1475,2017,2764,3606,4194,5088,5819,6435,6611,7300,8681,9976,12080
Switzerland,Solar,16,18,20,22,24,28,30,37,49,79,125,223,437,756,1061,1394,1664,1906,2173,2498,2973.39,3448.78
Switzerland,Wind,3,5,5,5,9,12,12,12,14,18,42,46,49,60,60,60,75,75,75,75,87.12,87.12
UK,Solar,2,3,4,6,8,11,14,18,23,27,95,1000,1753,2937,5528,9601.219,11914,12760,13073,13346,13462.48,13689
UK,Wind,412,493,534,742,933,1565,1955,2477,3446,4422,5421.232,6596.285,9030.42,11282.272,13073.953,14305.634,16125.935,19584.998,21767.221,24095.381,24484.99,27129.99
Ukraine,Solar,0,0,0,0,0,0,0,0,0,0,2.5,188.2,371.6,748.4,819.1,841.2,954.7,1200,2002.688,5935.688,7331,8062
Ukraine,Wind,5,36.23,46.23,54.4,71.4,76.6,76.6,82,83,86,88,146,248,362,513.9,513.9,526,553,620.77,1257.77,1402,1761
EU 27,Solar,176.2,273.36,354.894,588.571,1296.327,2269.384,3231.104,4998.692,10457.756,17072.928,30791.302,53548.561,71460.147,80032.869,83973.692,88080.496,91887.798,96629.799,104461.236,120677.471,138982.035,160381.731
EU 27,Wind,12304.815,16852.253,22615.231,27270.016,33178.137,38790.73,45621.265,53453.728,60149.214,70890.457,78976.339,87445.86,97187.471,105677.545,115669.821,127211.544,138054.879,148964.39,157210.757,167233.113,177057.479,187496.729
Middle East,Solar,0.365,0.37,0.37,0.37,0.4,1.4,1.742,2.273,10.423,42.213,90.923,214.683,308.821,568.71,818.624,1076.162,1581.73,2216.873,3409.746,6180.971,7472.65,8411.166
Middle East,Wind,12.4,12.4,19.4,23.4,32.9,45,55,71,71.675,100.675,103.68,106.89,115.31,121.56,164.56,286.22,423.27,504.08,609.08,775.1,923.27,1028.89
Bahrain,Solar,0,0,0,0,0,0,0,0,0,0,0.004,0.009,0.509,0.509,5.009,5.009,6.009,6.009,6.349,9.349,9.756,11.322
Bahrain,Wind,0,0,0,0,0,0,0,0,0.675,0.675,0.68,0.68,0.68,0.68,0.68,0.68,0.68,0.68,0.68,0.68,0.68,0.68
Iran IR,Solar,0,0.005,0.005,0.005,0.035,0.035,0.077,0.108,0.11,0.173,0.389,0.448,0.448,0.987,9.378,9.378,43.208,184.478,286.378,345.878,429.768,455.858
Iran IR,Wind,11,11,12,16,24.9,37,47,63,63,92,95,98.21,106.13,107.63,148.78,153.44,190.94,259,282,304.92,308.08,310.2
Iraq,Solar,0,0,0,0,0,0,0,0,0,0,0,0,0,29.5,36.5,36.5,36.5,36.5,37.076,37.076,37.076,37.076
Iraq,Wind,..,..,..,..,..,..,..,..,..,..,..,..,..,..,..,..,..,..,..,..,..,..
Israel,Solar,0,0,0,0,0,1,1.3,1.8,9,30.6,76,195.8,278.1,382.9,593.2,771.8,879.7,988.4,1291.3,2055.5,2472,2555
Israel,Wind,0,0,6,6,6,6,6,6,6,6,6,6,6,6,6,6,27.25,27.25,27.25,27.25,27.25,27.25
Jordan,Solar,0.015,0.015,0.015,0.015,0.015,0.015,0.015,0.015,0.015,0.015,0.015,0.043,0.073,0.141,0.236,5.557,286.593,396.588,699.623,1185.67,1448.375,1520.575
Jordan,Wind,1.4,1.4,1.4,1.4,1.4,1.4,1.4,1.4,1.4,1.4,1.4,1.4,1.4,1.4,1.4,118.4,198.4,198.4,280.4,373,518.01,621.51
Kuwait,Solar,0,0,0,0,0,0,0,0,0,0,0,0.007,0.007,0.114,2.049,3.181,30.509,32.009,43.069,93.344,93.344,93.344
Kuwait,Wind,0,0,0,0,0,0,0,0,0,0,0,0,0,2.4,2.4,2.4,2.4,12.4,12.4,12.4,12.4,12.4
Lebanon,Solar,0,0,0,0,0,0,0,0,0.002,0.002,0.332,0.472,0.294,0.351,2.15,8.787,22.117,34.917,58.38,78.65,78.65,78.66
Lebanon,Wind,0,0,0,0,0,0,0,0,0,0,0,0,0.5,2,3,3,3,3,3,3,3,3
Oman,Solar,0,0,0,0,0,0,0,0,0,0,0,0,0,0.7,0.7,2.203,2.214,8.211,8.291,8.736,111.586,137.586
Oman,Wind,0,0,0,0,0,0,0,0,0,0,0,0,0,0,0,0,0,0,0,50,50,50
Palestine,Solar,..,..,..,..,..,..,..,..,..,..,..,0.35,0.6,0.6,3,12,25,35,40,81.833,116.833,116.833
Palestine,Wind,..,..,..,..,..,..,..,..,..,..,..,..,..,..,..,..,..,..,..,..,..,..
Qatar,Solar,0,0,0,0,0,0,0,0,0,0,0,0.667,0.667,2.287,3.967,3.967,5.1,5.1,5.1,5.1,5.1,5.1
Qatar,Wind,..,..,..,..,..,..,..,..,..,..,..,..,..,..,..,..,..,..,..,..,..,..
Saudi Arabia,Solar,0.35,0.35,0.35,0.35,0.35,0.35,0.35,0.35,0.35,0.35,2.35,2.85,13.55,22.45,24.264,24.264,24.264,34.388,84.388,109.388,109.388,439.388
Saudi Arabia,Wind,0,0,0,0,0,0,0,0,0,0,0,0,0,0,0,0,0,2.75,2.75,3.25,3.25,3.25
Syrian AR,Solar,0,0,0,0,0,0,0,0,0,0,0,0,0,0,0,0,0,0.127,1.377,2.467,2.467,2.467
Syrian AR,Wind,0,0,0,0,0.6,0.6,0.6,0.6,0.6,0.6,0.6,0.6,0.6,0.6,0.6,0.6,0.6,0.6,0.6,0.6,0.6,0.6
United Arab Em,Solar,0,0,0,0,0,0,0,0,0,10.076,10.826,12.751,13.206,125.802,133.171,133.516,140.516,355.146,598.415,1917.98,2305.507,2705.157
United Arab Em,Wind,0,0,0,0,0,0,0,0,0,0,0,0,0,0.85,1.7,1.7,0,0,0,0,0,0
Yemen,Solar,0,0,0,0,0,0,0,0,0.946,0.997,1.007,1.286,1.367,2.369,5,60,80,100,250,250,252.8,252.8
Yemen,Wind,..,..,..,..,..,..,..,..,..,..,..,..,..,..,..,..,..,..,..,..,..,..
N America,Solar,616,483,483,709,781,915,1137,1487,1675,2218.1,3660.8,6314.4,9451.8,14364,19668,26248,38013.6,47172.74,57220.139,68593.347,84066.739,105878.252
N America,Wind,2486,4012,4596,6340,6918,9401,12853,18456,27088.6,38003.6,43621.6,51542.6,67091.6,69896.6,76495.02,87058.02,97310,104046.372,112207.685,123515.51,138863.143,154732.74
Bermuda,Solar,..,..,..,..,..,..,..,..,..,..,..,..,..,..,..,..,..,..,..,..,..,..
Bermuda,Wind,..,..,..,..,..,..,..,..,..,..,..,..,..,..,..,..,..,..,..,..,..,..
Canada,Solar,7,9,10,12,14,18,22,29,38,107,249,628,766,1210,1843,2519,2665,2932,3095,3327,3342,3629.6
Canada,Wind,92,131,161,327,444,677,1423,1840,2336,3282,3967,5265,6201,7801,9694,11214,11973,12250,12816,13413,13626.96,14303.56
Greenland,Solar,0,0,0,0,0,0,0,0,0,0,0,0,0,0,0,0,0,0,0.139,0.139,0.139,0.139
Greenland,Wind,0,0,0,0,0,0,0,0,0,0,0,0,0,0,0,0,0,0,0.05,0.05,0.05,0.05
Mexico,Solar,14,15,16,16,16,16,16,19,19,25.1,29.8,42.4,72.8,109,174,287,632.6,1125.74,2555,4440.208,5163,7040
Mexico,Wind,17,17,18,18,18,18,101,101,101,425,519,601,1815,2122,2569,3271,4051,4199.372,4875.635,6050.26,6504.433,7691.53
St Pierre Mq,Solar,..,..,..,..,..,..,..,..,..,..,..,..,..,..,..,..,..,..,..,..,..,..
St Pierre Mq,Wind,0,0,0,0,0,0,0,0,0.6,0.6,0.6,0.6,0.6,0.6,0,0,0,0,0,0,0,0
USA,Solar,595,459,457,681,751,881,1099,1439,1618,2086,3382,5644,8613,13045,17651,23442,34716,43115,51570,60826,75561.6,95208.513
USA,Wind,2377,3864,4417,5995,6456,8706,11329,16515,24651,34296,39135,45676,59075,59973,64232.02,72573.02,81286,87597,94516,104052.2,118731.7,132737.6
Oceania,Solar,26.159,30.646,35.833,41.477,48.823,55.322,64.681,79.719,92.387,340.416,1102.352,2494.238,3829.277,4608.552,5356.079,6076.613,6856.294,7571.984,8875.311,13286.216,17705.925,19442.353
Oceania,Wind,73.005,116.545,166.745,273.405,567.91,930.91,1016.41,1611.733,1808.968,2249.918,2438.798,2801.073,3235.073,3895.084,4531.184,4922.393,5065.668,5553.393,6184.319,7022.634,9441.634,9922.234
Amer Samoa,Solar,0,0,0,0,0,0,0,0,0,0,0,0,2.416,2.416,2.416,2.416,3.92,4.27,5.16,5.16,5.16,5.16
Amer Samoa,Wind,..,..,..,..,..,..,..,..,..,..,..,..,..,..,..,..,..,..,..,..,..,..
Australia,Solar,25,29,34,39.4,46.4,52.4,61.4,73,85,332,1091,2473,3799,4568,5287,5946,6689,7354,8625,12969,17344,19076
Australia,Wind,33,76,106,190,379,740,819,1249,1441,1703,1864,2127,2561,3221,3797,4181,4324,4812,5442,6279,8603,8950.6
Christmas Is,Solar,..,..,..,..,..,..,..,..,..,..,..,..,..,..,..,..,..,..,..,..,..,..
Christmas Is,Wind,..,..,..,..,..,..,..,..,..,..,..,..,..,..,..,..,..,..,..,..,..,..
Cocos Is,Solar,..,..,..,..,..,..,..,..,..,..,..,..,..,..,..,..,..,..,..,..,..,..
Cocos Is,Wind,..,..,..,..,..,..,..,..,..,..,..,..,..,..,..,..,..,..,..,..,..,..
Cook Is,Solar,0.057,0.057,0.057,0.057,0.057,0.057,0.057,0.057,0.057,0.057,0.057,0.057,0.057,0.711,1.671,2.897,3.011,3.011,4.733,4.733,4.733,4.733
Cook Is,Wind,0,0,0,0.04,0.04,0.04,0.04,0.04,0.04,0.04,0.04,0.04,0.04,0.04,0.04,0.04,0.04,0.04,0.04,0.04,0.04,0.04
Fiji,Solar,0.074,0.074,0.074,0.114,0.04,0.113,0.141,0.141,0.175,0.198,0.276,0.276,0.918,1.365,1.891,3.322,5.322,7.128,9.465,9.518,9.669,9.702
Fiji,Wind,0.06,0.06,0.06,0.06,0,0,0,10.175,10.175,10.175,10.175,10.175,10.175,10.175,10.175,10.175,10.175,10.175,10.175,10.175,10.175,10.175
Fr Polynesia,Solar,0.548,0.698,0.828,1.022,1.249,1.531,1.775,1.925,2.145,2.373,2.9,11,13.5,16.9,24.6,27.9,31.6,35.2,37.4,41,41,41
Fr Polynesia,Wind,0.12,0.12,0.12,0.12,0.135,0.135,0.135,0.158,0.368,0.368,0.248,0.248,0.248,0.248,0.248,0.248,0.248,0.248,0.248,0.248,0.248,0.248
Guam,Solar,0,0,0,0,0,0,0,0,0,0.045,0.09,0.135,0.315,0.81,1.44,31.95,34.65,34.65,34.78,34.78,34.78,34.78
Guam,Wind,0,0,0,0,0,0,0,0,0,0,0,0,0,0,0,0,0.275,0.275,0.275,0.275,0.275,0.275
Kiribati,Solar,0.062,0.062,0.062,0.062,0.203,0.239,0.249,0.262,0.271,0.266,0.392,0.426,0.466,0.502,0.753,2.309,2.862,2.862,2.862,2.862,2.862,2.862
Kiribati,Wind,..,..,..,..,..,..,..,..,..,..,..,..,..,..,..,..,..,..,..,..,..,..
Marshall Is,Solar,0.04,0.04,0.04,0.04,0.07,0.07,0.07,0.07,0.15,0.27,0.32,0.32,0.48,0.66,1.009,1.009,1.609,1.609,1.625,1.625,1.625,1.625
Marshall Is,Wind,0,0,0,0,0,0,0,0,0,0,0,0,0,0,0,0,0,0,0.001,0.001,0.001,0.001
Micronesia,Solar,0.1,0.1,0.1,0.1,0.1,0.1,0.1,0.18,0.235,0.528,0.528,0.528,0.528,0.684,0.684,0.684,1.284,1.284,1.891,1.891,1.891,1.891
Micronesia,Wind,0,0,0,0,0,0,0,0,0,0,0,0,0,0,0,0,0,0,0.825,0.825,0.825,0.825
Nauru,Solar,0,0,0,0,0,0,0.04,0.04,0.04,0.04,0.04,0.04,0.07,0.21,0.21,0.21,0.71,0.711,0.823,2.106,2.106,2.106
Nauru,Wind,..,..,..,..,..,..,..,..,..,..,..,..,..,..,..,..,..,..,..,..,..,..
New Caledon,Solar,0.19,0.21,0.24,0.25,0.25,0.316,0.326,0.521,0.521,0.556,2.656,3.188,3.188,3.188,3.436,6.765,8.821,26.202,28.597,61.785,80.054,80.149
New Caledon,Wind,3.825,4.365,6.565,11.185,22.735,22.735,28.235,32.36,32.36,37.31,37.31,37.585,37.585,37.585,37.585,37.585,37.585,37.585,37.585,37.585,37.585,37.585
New Zealand,Solar,0,0,0,0,0,0,0,3,3,3,3,3,4,8,22,37,53,70,90,116,142.152,146.452
New Zealand,Wind,36,36,54,72,166,168,169,320,322,496,524,623,623,623,682,689,689,689,689,689,784,917
Niue,Solar,0,0,0,0,0,0,0,0,0,0.055,0.055,0.055,0.055,0.055,0.341,0.341,0.341,0.341,0.341,0.941,0.941,0.941
Niue,Wind,..,..,..,..,..,..,..,..,..,..,..,..,..,..,..,..,..,..,..,..,..,..
Norfolk Is,Solar,..,..,..,..,..,..,..,..,..,..,..,..,..,..,..,..,..,..,..,..,..,..
Norfolk Is,Wind,..,..,..,..,..,..,..,..,..,..,..,..,..,..,..,..,..,..,..,..,..,..
Nth Mariana Is,Solar,..,..,..,..,..,..,..,..,..,..,..,..,..,..,..,..,..,..,..,..,..,..
Nth Mariana Is,Wind,..,..,..,..,..,..,..,..,..,..,..,..,..,..,..,..,..,..,..,..,..,..
Palau,Solar,0.004,0.004,0.004,0.004,0.004,0.032,0.032,0.032,0.282,0.282,0.292,0.577,0.667,0.745,0.91,0.91,1.28,1.28,1.68,1.745,1.745,1.745
Palau,Wind,..,..,..,..,..,..,..,..,..,..,..,..,..,..,..,..,..,..,..,..,..,..
Papua N Guin,Solar,0,0.317,0.317,0.317,0.339,0.339,0.339,0.339,0.339,0.339,0.339,0.339,0.339,0.339,0.339,0.878,1.229,1.195,1.258,2.996,2.996,2.996
Papua N Guin,Wind,..,..,..,..,..,..,..,..,..,..,..,..,..,..,..,..,..,..,..,..,..,..
Pitcairn,Solar,..,..,..,..,..,..,..,..,..,..,..,..,..,..,..,..,..,..,..,..,..,..
Pitcairn,Wind,..,..,..,..,..,..,..,..,..,..,..,..,..,..,..,..,..,..,..,..,..,..
Samoa,Solar,0,0,0,0,0,0.014,0.014,0.014,0.014,0.014,0.014,0.014,0.014,0.164,3.094,4.784,7.234,13.549,13.549,13.707,13.707,13.707
Samoa,Wind,0,0,0,0,0,0,0,0,0,0,0,0,0,0,0.55,0.55,0.55,0.55,0.55,0.55,0.55,0.55
Solomon Is,Solar,0,0,0,0,0,0,0,0,0,0.003,0.003,0.803,0.803,0.803,1.129,1.129,2.16,2.535,2.535,2.535,2.535,2.535
Solomon Is,Wind,..,..,..,..,..,..,..,..,..,..,..,..,..,..,..,..,..,..,..,..,..,..
Tokelau,Solar,0.021,0.021,0.021,0.021,0.021,0.021,0.021,0.021,0.021,0.021,0.021,0.021,0.951,0.951,0.951,0.951,1.041,1.041,1.041,1.041,1.041,1.041
Tokelau,Wind,0,0,0,0,0,0,0,0,0,0,0,0,0,0,0,0,0,0,0,0.015,0.015,0.015
Tonga,Solar,0.057,0.057,0.084,0.084,0.084,0.084,0.111,0.111,0.111,0.12,0.12,0.12,1.131,1.654,1.654,2.66,3.247,6.237,6.257,6.257,6.257,6.257
Tonga,Wind,0,0,0,0,0,0,0,0,0,0,0,0,0,0.011,0.011,0.22,0.22,0.22,0.22,1.52,1.52,1.52
Tuvalu,Solar,0.006,0.006,0.006,0.006,0.006,0.006,0.006,0.006,0.026,0.209,0.209,0.212,0.212,0.212,0.278,2.064,2.222,2.227,2.238,2.238,2.312,2.312
Tuvalu,Wind,..,..,..,..,..,..,..,..,..,..,..,..,..,..,..,..,..,..,..,..,..,..
Vanuatu,Solar,0,0,0,0,0,0,0,0,0,0.04,0.04,0.127,0.167,0.183,0.273,0.434,1.751,2.652,4.076,4.296,4.359,4.359
Vanuatu,Wind,0,0,0,0,0,0,0,0,3.025,3.025,3.025,3.025,3.025,3.025,3.575,3.575,3.575,3.3,3.4,3.4,3.4,3.4
Wallis Fut Is,Solar,..,..,..,..,..,..,..,..,..,..,..,..,..,..,..,..,..,..,..,..,..,..
Wallis Fut Is,Wind,..,..,..,..,..,..,..,..,..,..,..,..,..,..,..,..,..,..,..,..,..,..
S America,Solar,1.909,3.407,4.654,6.121,7.076,7.828,9.028,10.39,13.17,17.415,43.116,69.163,163.865,197.182,464.459,862.493,1510.647,3671.884,5511.764,8540.735,12753.456,19649.087
S America,Wind,37.238,51.955,50.924,52.855,74.955,69.955,286.375,317.765,483.295,846.295,1182.385,1737.14,2339.54,2864.172,6579.584,9943.191,12947.259,15726.876,19140.598,20694.174,24034.326,29754.302
Argentina,Solar,0.025,0.026,0.026,0.026,0.026,0.026,0.026,0.026,0.026,0.026,0.026,1.252,6.252,8.257,8.252,8.618,8.806,8.806,191.236,442.111,764.135,1071.366
Argentina,Wind,14.112,24.829,25.798,25.729,27.829,27.829,27.829,27.829,27.829,27.829,27.829,59.579,136.979,189.979,215.187,187.104,187.442,226.742,750.342,1609.359,2623.904,3292.124
Bolivia,Solar,0.295,0.394,0.476,0.656,0.783,0.808,1.068,1.435,2.391,2.813,2.979,3.432,4.131,5.535,5.535,5.535,5.535,7.535,69.92,120.32,120.32,170.33
Bolivia,Wind,0,0,0,0,0,0,0,0,0,0,0.1,0.1,0.1,0.1,3.16,3.16,27,27,27,27,27,127.8
Brazil,Solar,0,0.036,0.036,0.716,0.718,0.718,0.718,0.718,0.764,0.814,0.854,6.097,6.608,12.528,20.697,45.567,127.789,1206.787,2435.022,4613.191,7879.157,13054.926
Brazil,Wind,22,24,22,24,24,29,237,247,398,602,927,1426,1894,2202.02,4888.053,7633.115,10129.155,12304.272,14843.094,15438.379,17198.324,21161.27
Chile,Solar,0,0,0,0,0,0,0,0,0,0,0,0,2,15,221,576,1125,1809,2137,2653.698,3205.438,4468.277
Chile,Wind,0,2,2,2,2,2,2,20,20,163,163,184,202,301,736,910,1039,1305,1524,1620.074,2148.996,3137.006
Colombia,Solar,0.6,0.989,1.029,1.069,1.092,1.121,1.164,1.184,1.231,1.255,1.274,1.308,1.322,1.383,1.418,1.463,1.52,11.32,13.377,25.923,85.513,184.022
Colombia,Wind,0,0,0,0,20,10,18.42,18.42,18.42,18.42,18.42,18.42,18.42,18.42,18.42,18.42,18.42,18.42,18.42,18.42,18.42,18.42
Ecuador,Solar,0,0,0,0,0,0.02,0.02,0.02,0.02,0.02,0.02,0.04,0.08,3.9,26.4,25.53,25.59,25.59,26.749,27.63,27.629,27.652
Ecuador,Wind,0,0,0,0,0,0,0,2.4,2.4,2.4,2.4,2.4,2.4,18.9,21.15,21.15,21.15,21.15,21.15,21.15,21.15,21.15
Falklands Malv,Solar,0,0,0,0,0,0,0,0,0,0,0,0,0,0,0,0.07,0.07,0.07,0.07,0.07,0.07,0.07
Falklands Malv,Wind,0.26,0.26,0.26,0.26,0.26,0.26,0.26,1.25,1.33,1.33,2.32,2.32,2.32,2.32,2.32,2.32,2.32,2.32,2.32,2.32,2.32,2.32
Fr Guiana,Solar,0.1,0.1,0.1,0.1,0.1,0.161,0.161,0.161,0.574,2.53,23.181,35.889,36.349,36.605,36.709,46.505,46.505,46.559,46.668,46.703,54.941,54.941
Fr Guiana,Wind,..,..,..,..,..,..,..,..,..,..,..,..,..,..,..,..,..,..,..,..,..,..
Guyana,Solar,0.011,0.011,0.011,0.017,0.017,0.018,0.026,0.026,0.068,0.089,0.173,0.931,0.983,1.04,1.085,1.521,1.96,3.457,6.314,8.355,8.355,8.355
Guyana,Wind,0.01,0.01,0.01,0.01,0.01,0.01,0.01,0.01,0.01,0.01,0.01,0.01,0.01,0.03,0.04,0.08,0.08,0.08,0.08,0.08,0.08,0.08
Paraguay,Solar,0,0,0,0,0,0,0,0,0,0.001,0.001,0.005,0.005,0.057,0.057,0.057,0.057,0.057,0.057,0.057,0.057,0.057
Paraguay,Wind,..,..,..,..,..,..,..,..,..,..,..,..,..,..,..,..,..,..,..,..,..,..
South Georgia,Solar,..,..,..,..,..,..,..,..,..,..,..,..,..,..,..,..,..,..,..,..,..,..
South Georgia,Wind,0.006,0.006,0.006,0.006,0.006,0.006,0.006,0.006,0.006,0.006,0.006,0.006,0.006,0.006,0.006,0.006,0.006,0.006,0.006,0.006,0.006,0.006
Peru,Solar,0.878,1.851,2.976,3.537,4.34,4.956,5.845,6.82,8.022,9.757,12.511,17.539,102.566,108.525,130.484,134.914,146.147,297.863,324.159,334.771,334.771,336.021
Peru,Wind,0.7,0.7,0.7,0.7,0.7,0.7,0.7,0.7,0.7,0.7,0.7,0.7,0.7,0.7,142.7,239.8,239.95,239.95,372.25,372.25,408.99,408.99
Suriname,Solar,0,0,0,0,0,0,0,0,0,0,0.154,0.281,0.661,0.943,6.195,6.245,6.71,7.682,8.776,8.776,9.432,9.432
Suriname,Wind,..,..,..,..,..,..,..,..,..,..,..,..,..,..,..,..,..,..,..,..,..,..
Uruguay,Solar,0,0,0,0,0,0,0,0,0.074,0.11,0.143,0.389,0.608,1.109,3.227,5.968,10.458,242.658,248.416,253.81,258.318,258.318
Uruguay,Wind,0.15,0.15,0.15,0.15,0.15,0.15,0.15,0.15,14.6,30.6,40.6,43.605,52.605,59.417,481.268,856.756,1211.456,1510.656,1510.656,1513.856,1513.856,1513.856
Venezuela,Solar,0,0,0,0,0,0,0,0,0,0,1.8,2,2.3,2.3,3.4,4.5,4.5,4.5,4,5.32,5.32,5.32
Venezuela,Wind,0,0,0,0,0,0,0,0,0,0,0,0,30,71.28,71.28,71.28,71.28,71.28,71.28,71.28,71.28,71.28
