Series Name,Series Code,Country,Country Code,1990,2000,2012,2013,2014,2015,2016,2017,2018,2019,2020,2021
"Population, total",SP.POP.TOTL,Afghanistan,AFG,12412311,20779957,31161378,32269592,33370804,34413603,35383028,36296111,37171922,38041757,38928341,..
"Population, total",SP.POP.TOTL,Albania,ALB,3286542,3089027,2900401,2895092,2889104,2880703,2876101,2873457,2866376,2854191,2837849,..
"Population, total",SP.POP.TOTL,Algeria,DZA,25758872,31042238,37383899,38140135,38923688,39728020,40551398,41389174,42228415,43053054,43851043,..
"Population, total",SP.POP.TOTL,American Samoa,ASM,47351,57816,55669,55717,55791,55806,55739,55617,55461,55312,55197,..
"Population, total",SP.POP.TOTL,Andorra,AND,54508,65390,82427,80770,79213,77993,77295,76997,77008,77146,77265,..
"Population, total",SP.POP.TOTL,Angola,AGO,11848385,16395477,25107925,26015786,26941773,27884380,28842482,29816769,30809787,31825299,32866268,..
"Population, total",SP.POP.TOTL,Antigua and Barbuda,ATG,62533,76007,90407,91510,92562,93571,94520,95425,96282,97115,97928,..
"Population, total",SP.POP.TOTL,Argentina,ARG,32618648,36870796,41733271,42202935,42669500,43131966,43590368,44044811,44494502,44938712,45376763,..
"Population, total",SP.POP.TOTL,Armenia,ARM,3538164,3069597,2884239,2897593,2912403,2925559,2936147,2944789,2951741,2957728,2963234,..
"Population, total",SP.POP.TOTL,Aruba,ABW,62152,90866,102565,103165,103776,104339,104865,105361,105846,106310,106766,..
"Population, total",SP.POP.TOTL,Australia,AUS,17065100,19153000,22733465,23128129,23475686,23815995,24190907,24601860,24982688,25365745,25693267,..
"Population, total",SP.POP.TOTL,Austria,AUT,7677850,8011566,8429991,8479823,8546356,8642699,8736668,8797566,8840521,8879920,8916864,..
"Population, total",SP.POP.TOTL,Azerbaijan,AZE,7175200,8048600,9295784,9416801,9535079,9649341,9757812,9854033,9939771,10024283,10093121,..
"Population, total",SP.POP.TOTL,"Bahamas, The",BHS,256227,298045,363581,367162,370625,374200,377923,381749,385635,389486,393248,..
"Population, total",SP.POP.TOTL,Bahrain,BHR,495927,664610,1299942,1315029,1336073,1371853,1425793,1494077,1569440,1641164,1701583,..
"Population, total",SP.POP.TOTL,Bangladesh,BGD,103171957,127657862,151005733,152761413,154517385,156256287,157977151,159685421,161376713,163046173,164689383,..
"Population, total",SP.POP.TOTL,Barbados,BRB,260933,271511,283698,284294,284825,285327,285798,286229,286640,287021,287371,..
"Population, total",SP.POP.TOTL,Belarus,BLR,10189348,9979610,9446836,9443211,9448515,9461076,9469379,9458989,9438785,9419758,9379952,..
"Population, total",SP.POP.TOTL,Belgium,BEL,9967379,10251250,11106932,11159407,11209057,11274196,11331422,11375158,11427054,11488980,11544241,..
"Population, total",SP.POP.TOTL,Belize,BLZ,187554,247310,338001,345707,353366,360926,368399,375775,383071,390351,397621,..
"Population, total",SP.POP.TOTL,Benin,BEN,4978489,6865946,9729254,10004594,10286839,10575962,10872072,11175192,11485035,11801151,12123198,..
"Population, total",SP.POP.TOTL,Bermuda,BMU,59326,61833,64798,65001,65138,65237,64554,63873,63919,63913,63903,..
"Population, total",SP.POP.TOTL,Bhutan,BTN,530801,591014,701582,710235,719053,727885,736706,745563,754396,763094,771612,..
"Population, total",SP.POP.TOTL,Bolivia,BOL,6864839,8418270,10377677,10542375,10706517,10869732,11031822,11192853,11353140,11513102,11673029,..
"Population, total",SP.POP.TOTL,Bosnia and Herzegovina,BIH,4463422,3751176,3604972,3542598,3482106,3429362,3386263,3351534,3323929,3300998,3280815,..
"Population, total",SP.POP.TOTL,Botswana,BWA,1286756,1643333,2039551,2062551,2088619,2120716,2159925,2205076,2254067,2303703,2351625,..
"Population, total",SP.POP.TOTL,Brazil,BRA,149003225,174790339,199287292,201035904,202763744,204471759,206163056,207833825,209469320,211049519,212559409,..
"Population, total",SP.POP.TOTL,British Virgin Islands,VGB,17489,20313,28654,28850,28985,29148,29355,29567,29795,30033,30237,..
"Population, total",SP.POP.TOTL,Brunei Darussalam,BRN,258714,333166,398997,404414,409778,414914,419791,424481,428960,433296,437483,..
"Population, total",SP.POP.TOTL,Bulgaria,BGR,8718289,8170172,7305888,7265115,7223938,7177991,7127822,7075947,7025037,6975761,6934015,..
"Population, total",SP.POP.TOTL,Burkina Faso,BFA,8811033,11607951,16571252,17072791,17586029,18110616,18646350,19193236,19751466,20321383,20903278,..
"Population, total",SP.POP.TOTL,Burundi,BDI,5438959,6378871,9245992,9540302,9844301,10160034,10488002,10827010,11175379,11530577,11890781,..
"Population, total",SP.POP.TOTL,Cabo Verde,CPV,337953,428178,505241,511740,518276,524740,531140,537499,543764,549936,555988,..
"Population, total",SP.POP.TOTL,Cambodia,KHM,8975597,12155241,14780454,15026330,15274506,15521435,15766290,16009413,16249795,16486542,16718971,..
"Population, total",SP.POP.TOTL,Cameroon,CMR,11780086,15513944,21485267,22077300,22681853,23298376,23926549,24566070,25216261,25876387,26545864,..
"Population, total",SP.POP.TOTL,Canada,CAN,27691138,30685730,34714222,35082954,35437435,35702908,36109487,36545236,37065084,37601230,38037204,..
"Population, total",SP.POP.TOTL,Cayman Islands,CYM,25307,42305,58963,59933,60848,61721,62564,63382,64172,64948,65720,..
"Population, total",SP.POP.TOTL,Central African Republic,CAF,2806740,3640421,4436411,4447945,4464171,4493171,4537683,4596023,4666375,4745179,4829764,..
"Population, total",SP.POP.TOTL,Chad,TCD,5963250,8355654,12784748,13220433,13663562,14110971,14561658,15016761,15477727,15946882,16425859,..
"Population, total",SP.POP.TOTL,Channel Islands,CHI,140677,148439,162051,163039,164107,165387,166922,168666,170496,172264,173859,..
"Population, total",SP.POP.TOTL,Chile,CHL,13274617,15342350,17400359,17571511,17758969,17969356,18209072,18470435,18729166,18952035,19116209,..
"Population, total",SP.POP.TOTL,China,CHN,1135185000,1262645000,1354190000,1363240000,1371860000,1379860000,1387790000,1396215000,1402760000,1407745000,1410929362,..
"Population, total",SP.POP.TOTL,Colombia,COL,33102569,39629965,46075721,46495492,46967706,47520667,48175048,48909844,49661056,50339443,50882884,..
"Population, total",SP.POP.TOTL,Comoros,COM,411598,542358,723865,741511,759390,777435,795597,813890,832322,850891,869595,..
"Population, total",SP.POP.TOTL,"Congo, Dem. Rep.",COD,34612023,47105830,69020749,71358804,73767445,76244532,78789130,81398765,84068092,86790568,89561404,..
"Population, total",SP.POP.TOTL,"Congo, Rep.",COG,2356740,3127420,4510197,4622757,4736965,4856093,4980996,5110701,5244363,5380504,5518092,..
"Population, total",SP.POP.TOTL,Costa Rica,CRI,3119436,3962369,4688003,4742111,4795390,4847805,4899336,4949955,4999443,5047561,5094114,..
"Population, total",SP.POP.TOTL,Cote d'Ivoire,CIV,11924873,16454660,21547188,22087506,22647672,23226148,23822726,24437475,25069226,25716554,26378275,..
"Population, total",SP.POP.TOTL,Croatia,HRV,4777368,4468302,4267558,4255689,4238389,4203604,4174349,4124531,4087843,4065253,4047680,..
"Population, total",SP.POP.TOTL,Cuba,CUB,10596986,11126423,11257112,11282722,11306909,11324777,11335108,11339255,11338146,11333484,11326616,..
"Population, total",SP.POP.TOTL,Curacao,CUW,145400,133860,152088,153822,155909,157980,159664,160175,159336,157441,154947,..
"Population, total",SP.POP.TOTL,Cyprus,CYP,766616,943288,1135046,1143866,1152297,1160987,1170189,1179685,1189262,1198574,1207361,..
"Population, total",SP.POP.TOTL,Czech Republic,CZE,10333355,10255063,10510785,10514272,10525347,10546059,10566332,10594438,10629928,10671870,10697858,..
"Population, total",SP.POP.TOTL,Denmark,DNK,5140939,5339616,5591572,5614932,5643475,5683483,5728010,5764980,5793636,5814422,5831404,..
"Population, total",SP.POP.TOTL,Djibouti,DJI,590393,717577,868136,883296,898707,913998,929117,944100,958923,973557,988002,..
"Population, total",SP.POP.TOTL,Dominica,DMA,70422,69650,70954,71019,71091,71175,71307,71460,71626,71808,71991,..
"Population, total",SP.POP.TOTL,Dominican Republic,DOM,7133491,8471317,9930916,10048226,10165182,10281675,10397738,10513111,10627147,10738957,10847904,..
"Population, total",SP.POP.TOTL,Ecuador,ECU,10230931,12681123,15474099,15707473,15951832,16212022,16491116,16785356,17084359,17373657,17643060,..
"Population, total",SP.POP.TOTL,"Egypt, Arab Rep.",EGY,56134478,68831561,86422240,88404652,90424668,92442549,94447071,96442590,98423602,100388076,102334403,..
"Population, total",SP.POP.TOTL,El Salvador,SLV,5270074,5887930,6237922,6266076,6295124,6325121,6356137,6388124,6420740,6453550,6486201,..
"Population, total",SP.POP.TOTL,Equatorial Guinea,GNQ,419188,606180,1031191,1076412,1122273,1168575,1215181,1262008,1308966,1355982,1402985,..
"Population, total",SP.POP.TOTL,Eritrea,ERI,2258649,2292413,..,..,..,..,..,..,..,..,..,..
"Population, total",SP.POP.TOTL,Estonia,EST,1569174,1396985,1322696,1317997,1314545,1315407,1315790,1317384,1321977,1326855,1329479,..
"Population, total",SP.POP.TOTL,Eswatini,SWZ,822423,1005432,1079285,1086843,1095022,1104038,1113994,1124808,1136274,1148133,1160164,..
"Population, total",SP.POP.TOTL,Ethiopia,ETH,47887864,66224809,92726982,95385793,98094264,100835453,103603461,106399926,109224410,112078727,114963583,..
"Population, total",SP.POP.TOTL,Faroe Islands,FRO,47276,46738,47843,47901,47965,48055,48173,48326,48497,48677,48865,..
"Population, total",SP.POP.TOTL,Fiji,FJI,728575,811011,865065,865602,866447,868632,872406,877460,883490,889955,896444,..
"Population, total",SP.POP.TOTL,Finland,FIN,4986431,5176209,5413971,5438972,5461512,5479531,5495303,5508214,5515525,5521606,5529543,..
"Population, total",SP.POP.TOTL,France,FRA,58235716,60912500,65659814,65998685,66312067,66548272,66724104,66918020,67101930,67248926,67379908,..
"Population, total",SP.POP.TOTL,French Polynesia,PYF,199906,240681,268995,270332,271713,273119,274576,276108,277673,279285,280904,..
"Population, total",SP.POP.TOTL,Gabon,GAB,949493,1228359,1749677,1817070,1883801,1947690,2007882,2064812,2119275,2172578,2225728,..
"Population, total",SP.POP.TOTL,"Gambia, The",GMB,955595,1317708,1905020,1963708,2024037,2085860,2149134,2213900,2280092,2347696,2416664,..
"Population, total",SP.POP.TOTL,Georgia,GEO,4802000,4077131,3728874,3717668,3719414,3725276,3727505,3728004,3726549,3720161,3722716,..
"Population, total",SP.POP.TOTL,Germany,DEU,79433029,82211508,80425823,80645605,80982500,81686611,82348669,82657002,82905782,83092962,83160871,..
"Population, total",SP.POP.TOTL,Ghana,GHA,14773274,19278850,25996454,26607641,27224480,27849203,28481947,29121464,29767108,30417858,31072945,..
"Population, total",SP.POP.TOTL,Gibraltar,GIB,29149,31081,33653,33694,33726,33742,33738,33723,33715,33706,33691,..
"Population, total",SP.POP.TOTL,Greece,GRC,10196792,10805808,11045011,10965211,10892413,10820883,10775971,10754679,10732882,10721582,10700556,..
"Population, total",SP.POP.TOTL,Greenland,GRL,55600,56200,56810,56483,56295,56114,56186,56171,56023,56225,56367,..
"Population, total",SP.POP.TOTL,Grenada,GRD,96328,102837,107452,108172,108900,109603,110263,110874,111449,112002,112519,..
"Population, total",SP.POP.TOTL,Guam,GUM,130480,155323,159990,160415,161007,161851,162948,164281,165770,167295,168783,..
"Population, total",SP.POP.TOTL,Guatemala,GTM,9050115,11589761,14781942,15043981,15306316,15567419,15827690,16087418,16346950,16604026,16858333,..
"Population, total",SP.POP.TOTL,Guinea,GIN,6352282,8240735,10652032,10892821,11150970,11432096,11738434,12067516,12414292,12771246,13132792,..
"Population, total",SP.POP.TOTL,Guinea-Bissau,GNB,975265,1201305,1604981,1648259,1692433,1737207,1782434,1828146,1874304,1920917,1967998,..
"Population, total",SP.POP.TOTL,Guyana,GUY,743306,746718,755388,759281,763371,767433,771363,775218,779007,782775,786559,..
"Population, total",SP.POP.TOTL,Haiti,HTI,7037915,8463802,10250922,10400672,10549007,10695540,10839976,10982367,11123183,11263079,11402533,..
"Population, total",SP.POP.TOTL,Honduras,HND,4955302,6574510,8640692,8798524,8955579,9112904,9270794,9429016,9587523,9746115,9904608,..
"Population, total",SP.POP.TOTL,"Hong Kong SAR, China",HKG,5704500,6665000,7150100,7178900,7229500,7291300,7336600,7391700,7451000,7507400,7481800,..
"Population, total",SP.POP.TOTL,Hungary,HUN,10373988,10210971,9920362,9893082,9866468,9843028,9814023,9787966,9775564,9771141,9750149,..
"Population, total",SP.POP.TOTL,Iceland,ISL,254826,281205,320716,323764,327386,330815,335439,343400,352721,360563,366463,..
"Population, total",SP.POP.TOTL,India,IND,873277799,1056575548,1265780243,1280842119,1295600768,1310152392,1324517250,1338676779,1352642283,1366417756,1380004385,..
"Population, total",SP.POP.TOTL,Indonesia,IDN,181413398,211513822,248451714,251805314,255128076,258383257,261556386,264650969,267670549,270625567,273523621,..
"Population, total",SP.POP.TOTL,"Iran, Islamic Rep.",IRN,56366212,65623397,75539881,76481963,77465769,78492208,79563991,80673888,81800204,82913893,83992953,..
"Population, total",SP.POP.TOTL,Iraq,IRQ,17419113,23497589,31890012,33157061,34411949,35572269,36610632,37552789,38433604,39309789,40222503,..
"Population, total",SP.POP.TOTL,Ireland,IRL,3513974,3805174,4599533,4623816,4657740,4701957,4755335,4807388,4867316,4934340,4985674,..
"Population, total",SP.POP.TOTL,Isle of Man,IMN,70292,76942,84534,83985,83488,83232,83296,83610,84073,84589,85032,..
"Population, total",SP.POP.TOTL,Israel,ISR,4660000,6289000,7910500,8059500,8215700,8380100,8546000,8713300,8882800,9054000,9215100,..
"Population, total",SP.POP.TOTL,Italy,ITA,56719240,56942108,59539717,60233948,60789140,60730582,60627498,60536709,60421760,59729081,59449527,..
"Population, total",SP.POP.TOTL,Jamaica,JAM,2419901,2654698,2842128,2858710,2875137,2891024,2906242,2920848,2934853,2948277,2961161,..
"Population, total",SP.POP.TOTL,Japan,JPN,123478000,126843000,127629000,127445000,127276000,127141000,126994511,126785797,126529100,126264931,125836021,..
"Population, total",SP.POP.TOTL,Jordan,JOR,3565888,5122495,8089963,8518992,8918822,9266573,9554286,9785840,9965322,10101697,10203140,..
"Population, total",SP.POP.TOTL,Kazakhstan,KAZ,16348000,14883626,16792090,17035551,17288285,17542806,17794055,18037776,18276452,18513673,18754440,..
"Population, total",SP.POP.TOTL,Kenya,KEN,23724574,31964557,44343469,45519986,46700063,47878339,49051531,50221146,51392570,52573967,53771300,..
"Population, total",SP.POP.TOTL,Kiribati,KIR,72394,84405,106359,107887,109387,110927,112529,114153,115842,117608,119446,..
"Population, total",SP.POP.TOTL,"Korea, Dem. People's Rep.",PRK,20293057,22929078,24800638,24929500,25057793,25183832,25307665,25429816,25549606,25666158,25778815,..
"Population, total",SP.POP.TOTL,"Korea, Rep.",KOR,42869283,47008111,50199853,50428893,50746659,51014947,51217803,51361911,51585058,51764822,51836239,..
"Population, total",SP.POP.TOTL,Kosovo,XKX,1862000,1700000,1807106,1818117,1812771,1788196,1777557,1791003,1797085,1788878,1790133,..
"Population, total",SP.POP.TOTL,Kuwait,KWT,2095350,2045123,3348852,3526382,3690939,3835588,3956862,4056102,4137314,4207077,4270563,..
"Population, total",SP.POP.TOTL,Kyrgyz Republic,KGZ,4391200,4898400,5607200,5719600,5835500,5956900,6079500,6198200,6322800,6456200,6579900,..
"Population, total",SP.POP.TOTL,Lao PDR,LAO,4258471,5323701,6444527,6541302,6639763,6741160,6845848,6953031,7061498,7169456,7275556,..
"Population, total",SP.POP.TOTL,Latvia,LVA,2663151,2367550,2034319,2012647,1993782,1977527,1959537,1942248,1927174,1913822,1900449,..
"Population, total",SP.POP.TOTL,Lebanon,LBN,2803032,3842774,5537620,5913016,6261046,6532681,6714281,6819373,6859408,6855709,6825442,..
"Population, total",SP.POP.TOTL,Lesotho,LSO,1703757,2032805,2014988,2028528,2043448,2059011,2075041,2091532,2108327,2125267,2142252,..
"Population, total",SP.POP.TOTL,Liberia,LBR,2075917,2848447,4135662,4248337,4359508,4472229,4586788,4702224,4818976,4937374,5057677,..
"Population, total",SP.POP.TOTL,Libya,LBY,4436663,5357893,6285751,6320350,6362039,6418315,6492160,6580723,6678565,6777453,6871287,..
"Population, total",SP.POP.TOTL,Liechtenstein,LIE,28790,33184,36615,36940,37219,37465,37655,37805,37918,38020,38137,..
"Population, total",SP.POP.TOTL,Lithuania,LTU,3697838,3499536,2987773,2957689,2932367,2904910,2868231,2828403,2801543,2794137,2794885,..
"Population, total",SP.POP.TOTL,Luxembourg,LUX,381850,436300,530946,543360,556319,569604,582014,596336,607950,620001,630419,..
"Population, total",SP.POP.TOTL,"Macao SAR, China",MAC,343816,427772,564037,577368,590210,602093,612824,622578,631633,640446,649342,..
"Population, total",SP.POP.TOTL,Madagascar,MDG,11598647,15766806,22346641,22961259,23589897,24234080,24894370,25570511,26262313,26969306,27691019,..
"Population, total",SP.POP.TOTL,Malawi,MWI,9404499,11148751,15396010,15839287,16289550,16745305,17205253,17670193,18143215,18628749,19129955,..
"Population, total",SP.POP.TOTL,Malaysia,MYS,18029824,23194252,29068189,29468923,29866606,30270965,30684652,31104655,31528033,31949789,32365998,..
"Population, total",SP.POP.TOTL,Maldives,MDV,223159,279396,397231,415592,435018,454914,475505,496398,515704,530957,540542,..
"Population, total",SP.POP.TOTL,Mali,MLI,8449915,10946448,15979492,16449854,16934213,17438772,17965448,18512429,19077755,19658023,20250834,..
"Population, total",SP.POP.TOTL,Malta,MLT,354170,390087,420028,425967,434558,445053,455356,467999,484630,504062,515332,..
"Population, total",SP.POP.TOTL,Marshall Islands,MHL,47265,50754,56712,56933,57183,57444,57723,58053,58412,58791,59194,..
"Population, total",SP.POP.TOTL,Mauritania,MRT,2034347,2630217,3706555,3817497,3930894,4046304,4163532,4282582,4403312,4525698,4649660,..
"Population, total",SP.POP.TOTL,Mauritius,MUS,1058775,1186873,1255882,1258653,1260934,1262605,1263473,1264613,1265303,1265711,1265740,..
"Population, total",SP.POP.TOTL,Mexico,MEX,83943135,98899845,117274156,118827158,120355137,121858251,123333379,124777326,126190782,127575529,128932753,..
"Population, total",SP.POP.TOTL,"Micronesia, Fed. Sts.",FSM,96304,107405,104506,105922,107444,108886,110215,111461,112640,113811,115021,..
"Population, total",SP.POP.TOTL,Moldova,MDA,2969097,2923783,2859458,2858692,2856950,2834530,2802170,2755158,2708214,2664974,2620495,..
"Population, total",SP.POP.TOTL,Monaco,MCO,29433,32148,36459,36899,37320,37723,38070,38392,38682,38967,39244,..
"Population, total",SP.POP.TOTL,Mongolia,MNG,2184139,2397417,2824698,2881783,2940111,2998433,3056358,3113788,3170214,3225166,3278292,..
"Population, total",SP.POP.TOTL,Montenegro,MNE,606372,604950,620601,621207,621810,622159,622303,622373,622227,622028,621306,..
"Population, total",SP.POP.TOTL,Morocco,MAR,24807461,28793672,33241898,33715705,34192358,34663608,35126274,35581257,36029089,36471766,36910558,..
"Population, total",SP.POP.TOTL,Mozambique,MOZ,12987292,17711925,24862673,25560752,26286192,27042001,27829930,28649007,29496009,30366043,31255435,..
"Population, total",SP.POP.TOTL,Myanmar,MMR,41335188,46719698,51413703,51852464,52280816,52680724,53045199,53382521,53708318,54045422,54409794,..
"Population, total",SP.POP.TOTL,Namibia,NAM,1432899,1794583,2194777,2233506,2273426,2314901,2358044,2402623,2448300,2494524,2540916,..
"Population, total",SP.POP.TOTL,Nauru,NRU,9506,10335,10136,10208,10289,10374,10474,10577,10678,10764,10834,..
"Population, total",SP.POP.TOTL,Nepal,NPL,18905480,23941099,26989160,26916795,26905982,27015033,27263430,27632682,28095712,28608715,29136808,..
"Population, total",SP.POP.TOTL,Netherlands,NLD,14951510,15925513,16754962,16804432,16865008,16939923,17030314,17131296,17231624,17344874,17441500,..
"Population, total",SP.POP.TOTL,New Caledonia,NCL,170899,213230,259000,263650,268050,268700,269350,270000,270650,271300,271960,..
"Population, total",SP.POP.TOTL,New Zealand,NZL,3329800,3857700,4408100,4442100,4516500,4609400,4714100,4813600,4900600,4979300,5084300,..
"Population, total",SP.POP.TOTL,Nicaragua,NIC,4173435,5069310,5982530,6062462,6142734,6223234,6303970,6384843,6465502,6545503,6624554,..
"Population, total",SP.POP.TOTL,Niger,NER,8026592,11331561,17795209,18504287,19240182,20001663,20788789,21602388,22442831,23310719,24206636,..
"Population, total",SP.POP.TOTL,Nigeria,NGA,95212454,122283853,167228803,171765819,176404931,181137454,185960244,190873247,195874685,200963603,206139587,..
"Population, total",SP.POP.TOTL,North Macedonia,MKD,1996218,2026350,2061044,2064032,2067471,2070226,2072490,2074502,2076217,2076694,2072531,..
"Population, total",SP.POP.TOTL,Northern Mariana Islands,MNP,45752,57453,54306,54786,55301,55779,56187,56553,56889,57213,57557,..
"Population, total",SP.POP.TOTL,Norway,NOR,4241473,4490967,5018573,5079623,5137232,5188607,5234519,5276968,5311916,5347896,5379475,..
"Population, total",SP.POP.TOTL,Oman,OMN,1812158,2267973,3498031,3764805,4027255,4267341,4479217,4665926,4829476,4974992,5106622,..
"Population, total",SP.POP.TOTL,Pakistan,PAK,107647918,142343583,187280125,191260799,195305012,199426953,203631356,207906210,212228288,216565317,220892331,..
"Population, total",SP.POP.TOTL,Palau,PLW,15063,19104,17635,17603,17625,17665,17718,17809,17911,18001,18092,..
"Population, total",SP.POP.TOTL,Panama,PAN,2470946,3030333,3770635,3835447,3901311,3968490,4037073,4106764,4176868,4246440,4314768,..
"Population, total",SP.POP.TOTL,Papua New Guinea,PNG,4615843,5847590,7631003,7788388,7946733,8107772,8271766,8438038,8606324,8776119,8947027,..
"Population, total",SP.POP.TOTL,Paraguay,PRY,4223413,5323202,6421510,6510273,6599524,6688746,6777878,6867058,6956069,7044639,7132530,..
"Population, total",SP.POP.TOTL,Peru,PER,22071433,26459944,29506790,29773986,30090372,30470739,30926036,31444299,31989265,32510462,32971846,..
"Population, total",SP.POP.TOTL,Philippines,PHL,61895169,77991757,97212639,98871558,100513137,102113206,103663812,105172921,106651394,108116622,109581085,..
"Population, total",SP.POP.TOTL,Poland,POL,38110782,38258629,38063164,38040196,38011735,37986412,37970087,37974826,37974750,37965475,37899070,..
"Population, total",SP.POP.TOTL,Portugal,PRT,9983218,10289898,10514844,10457295,10401062,10358076,10325452,10300300,10283822,10286263,10297081,..
"Population, total",SP.POP.TOTL,Puerto Rico,PRI,3537000,3810605,3634488,3593077,3534874,3473232,3406672,3325286,3193354,3193694,3281538,..
"Population, total",SP.POP.TOTL,Qatar,QAT,476275,592467,2196078,2336579,2459202,2565708,2654379,2724727,2781682,2832071,2881060,..
"Population, total",SP.POP.TOTL,Romania,ROU,23201835,22442971,20058035,19983693,19908979,19815616,19702267,19588715,19473970,19371648,19257520,..
"Population, total",SP.POP.TOTL,Russian Federation,RUS,147969407,146596869,143201721,143506995,143819667,144096870,144342397,144496739,144477859,144406261,144104080,..
"Population, total",SP.POP.TOTL,Rwanda,RWA,7288883,7933688,10549668,10811538,11083629,11369066,11668829,11980960,12301969,12626938,12952209,..
"Population, total",SP.POP.TOTL,Samoa,WSM,162797,174454,189089,190712,192220,193510,194540,195358,196128,197093,198410,..
"Population, total",SP.POP.TOTL,San Marino,SMR,24124,27460,32103,32554,32941,33270,33503,33671,33784,33864,33938,..
"Population, total",SP.POP.TOTL,Sao Tome and Principe,STP,119211,142264,188394,192076,195727,199439,203221,207086,211032,215048,219161,..
"Population, total",SP.POP.TOTL,Saudi Arabia,SAU,16233786,20663840,29154906,30052058,30916603,31717676,32443443,33101183,33702757,34268529,34813867,..
"Population, total",SP.POP.TOTL,Senegal,SEN,7526306,9797731,13401990,13782429,14174740,14578450,14993514,15419354,15854324,16296362,16743930,..
"Population, total",SP.POP.TOTL,Serbia,SRB,7586000,7516346,7199077,7164132,7130576,7095383,7058322,7020858,6982604,6945235,6899126,..
"Population, total",SP.POP.TOTL,Seychelles,SYC,69507,81131,88303,89949,91359,93419,94677,95843,96762,97625,98462,..
"Population, total",SP.POP.TOTL,Sierra Leone,SLE,4319763,4584570,6712586,6863975,7017153,7171909,7328846,7488427,7650149,7813207,7976985,..
"Population, total",SP.POP.TOTL,Singapore,SGP,3047132,4027887,5312437,5399162,5469724,5535002,5607283,5612253,5638676,5703569,5685807,..
"Population, total",SP.POP.TOTL,Sint Maarten (Dutch part),SXM,28814,30519,34640,36607,37685,38825,39969,40574,40895,41608,42310,..
"Population, total",SP.POP.TOTL,Slovak Republic,SVK,5299187,5388720,5407579,5413393,5418649,5423801,5430798,5439232,5446771,5454147,5458827,..
"Population, total",SP.POP.TOTL,Slovenia,SVN,1998161,1988925,2057159,2059953,2061980,2063531,2065042,2066388,2073894,2088385,2102419,..
"Population, total",SP.POP.TOTL,Solomon Islands,SLB,311869,412665,556066,571329,587079,603133,619438,636030,652856,669821,686878,..
"Population, total",SP.POP.TOTL,Somalia,SOM,7225089,8872250,12715487,13063711,13423571,13797204,14185635,14589165,15008225,15442906,15893219,..
"Population, total",SP.POP.TOTL,South Africa,ZAF,36800507,44967713,52832659,53687125,54544184,55386369,56207649,57009751,57792520,58558267,59308690,..
"Population, total",SP.POP.TOTL,South Sudan,SSD,5492620,6199396,10113648,10355030,10554882,10715657,10832520,10910774,10975924,11062114,11193729,..
"Population, total",SP.POP.TOTL,Spain,ESP,38867322,40567864,46773055,46620045,46480882,46444832,46484062,46593236,46797754,47134837,47363419,..
"Population, total",SP.POP.TOTL,Sri Lanka,LKA,17325769,18777606,20425000,20585000,20778000,20970000,21203000,21444000,21670000,21803000,21919000,..
"Population, total",SP.POP.TOTL,St. Kitts and Nevis,KNA,40260,44083,49881,50328,50776,51204,51629,52036,52438,52834,53192,..
"Population, total",SP.POP.TOTL,St. Lucia,LCA,138019,156737,176654,177505,178307,179131,180028,180955,181890,182795,183629,..
"Population, total",SP.POP.TOTL,St. Martin (French part),MAF,31522,28935,37012,36458,36018,35865,36061,36569,37264,38002,38659,..
"Population, total",SP.POP.TOTL,St. Vincent and the Grenadines,VCT,107489,107787,108435,108624,108868,109135,109467,109826,110210,110593,110947,..
"Population, total",SP.POP.TOTL,Sudan,SDN,20147592,27275019,36193781,37072555,37977657,38902948,39847433,40813398,41801532,42813237,43849269,..
"Population, total",SP.POP.TOTL,Suriname,SUR,405169,470944,541247,547295,553278,559136,564883,570501,575987,581363,586634,..
"Population, total",SP.POP.TOTL,Sweden,SWE,8558835,8872109,9519374,9600379,9696110,9799186,9923085,10057698,10175214,10278887,10353442,..
"Population, total",SP.POP.TOTL,Switzerland,CHE,6715519,7184250,7996861,8089346,8188649,8282396,8373338,8451840,8514329,8575280,8636561,..
"Population, total",SP.POP.TOTL,Syrian Arab Republic,SYR,12446168,16410847,20438861,19578466,18710711,17997411,17465567,17095669,16945062,17070132,17500657,..
"Population, total",SP.POP.TOTL,Tajikistan,TJK,5283811,6216329,7874838,8059782,8252828,8454019,8663575,8880270,9100847,9321023,9537642,..
"Population, total",SP.POP.TOTL,Tanzania,TZA,25203848,33499177,47053033,48483132,49960563,51482638,53049231,54660345,56313444,58005461,59734213,..
"Population, total",SP.POP.TOTL,Thailand,THA,56558196,62952639,67835969,68144519,68438748,68714519,68971313,69209817,69428454,69625581,69799978,..
"Population, total",SP.POP.TOTL,Timor-Leste,TLS,737814,884366,1133002,1153288,1174333,1196294,1219289,1243260,1267975,1293120,1318442,..
"Population, total",SP.POP.TOTL,Togo,TGO,3774310,4924406,6773807,6954721,7137997,7323162,7509952,7698476,7889095,8082359,8278737,..
"Population, total",SP.POP.TOTL,Tonga,TON,95069,97962,102736,101768,101023,100780,101143,102002,103199,104497,105697,..
"Population, total",SP.POP.TOTL,Trinidad and Tobago,TTO,1221121,1267159,1344814,1353708,1362337,1370332,1377563,1384060,1389841,1394969,1399491,..
"Population, total",SP.POP.TOTL,Tunisia,TUN,8242509,9708347,10846993,10952949,11063195,11179951,11303942,11433438,11565203,11694721,11818618,..
"Population, total",SP.POP.TOTL,Turkey,TUR,53921758,63240196,74651046,75925454,77229262,78529413,79827868,81116451,82340090,83429607,84339067,..
"Population, total",SP.POP.TOTL,Turkmenistan,TKM,3683978,4516128,5267906,5366376,5466324,5565283,5662371,5757667,5850902,5942094,6031187,..
"Population, total",SP.POP.TOTL,Turks and Caicos Islands,TCA,12115,20171,34067,34733,35371,35979,36558,37116,37667,38194,38718,..
"Population, total",SP.POP.TOTL,Tuvalu,TUV,8910,9392,10744,10849,10973,11099,11232,11365,11505,11655,11792,..
"Population, total",SP.POP.TOTL,Uganda,UGA,17354395,23650159,34558700,35694519,36911530,38225447,39649173,41166588,42729032,44269587,45741000,..
"Population, total",SP.POP.TOTL,Ukraine,UKR,51891400,49176500,45593342,45489648,45272155,45154036,45004673,44831135,44622518,44386203,44134693,..
"Population, total",SP.POP.TOTL,United Arab Emirates,ARE,1828437,3134067,9141598,9197908,9214182,9262896,9360975,9487206,9630966,9770526,9890400,..
"Population, total",SP.POP.TOTL,United Kingdom,GBR,57247586,58892514,63700215,64128273,64602298,65116219,65611593,66058859,66460344,66836327,67215293,..
"Population, total",SP.POP.TOTL,United States,USA,249623000,282162411,313877662,316059947,318386329,320738994,323071755,325122128,326838199,328329953,331501080,..
"Population, total",SP.POP.TOTL,Uruguay,URY,3109598,3319734,3378975,3389436,3400439,3412013,3424139,3436645,3449290,3461731,3473727,..
"Population, total",SP.POP.TOTL,Uzbekistan,UZB,20510000,24650400,29774500,30243200,30757700,31298900,31847900,32388600,32956100,33580350,34232050,..
"Population, total",SP.POP.TOTL,Vanuatu,VUT,146575,184964,249505,256637,263888,271128,278326,285499,292675,299882,307150,..
"Population, total",SP.POP.TOTL,"Venezuela, RB",VEN,19632665,24192449,29360827,29781046,30042973,30081827,29851249,29402480,28887117,28515829,28435943,..
"Population, total",SP.POP.TOTL,Vietnam,VNM,67988855,79910411,89801926,90752593,91713850,92677082,93640435,94600643,95545959,96462108,97338583,..
"Population, total",SP.POP.TOTL,Virgin Islands (U.S.),VIR,103963,108642,108188,108041,107882,107712,107516,107281,107001,106669,106290,..
"Population, total",SP.POP.TOTL,West Bank and Gaza,PSE,1978248,2922153,3979998,4076708,4173398,4270092,4367088,4454805,4569087,4685306,4803269,..
"Population, total",SP.POP.TOTL,"Yemen, Rep.",YEM,11709987,17409071,24473176,25147112,25823488,26497881,27168210,27834811,28498683,29161922,29825968,..
"Population, total",SP.POP.TOTL,Zambia,ZMB,8036849,10415942,14465148,14926551,15399793,15879370,16363449,16853608,17351714,17861034,18383956,..
"Population, total",SP.POP.TOTL,Zimbabwe,ZWE,10432409,11881482,13115149,13350378,13586710,13814642,14030338,14236599,14438812,14645473,14862927,..
"Population, total",SP.POP.TOTL,Africa Eastern and Southern,AFE,304648010,398113044,547482863,562601578,578075373,593871847,609978946,626392880,643090131,660046272,677243299,..
"Population, total",SP.POP.TOTL,Africa Western and Central,AFW,204803865,267214544,370243017,380437896,390882979,401586651,412551299,423769930,435229381,446911598,458803476,..
"Population, total",SP.POP.TOTL,Arab World,ARB,222653371,282344141,371437642,379696477,387899835,396028301,404042892,411942825,419851989,427870273,436080728,..
"Population, total",SP.POP.TOTL,Caribbean small states,CSS,6009262,6513486,7072640,7123315,7173443,7222197,7269385,7314956,7358929,7401389,7442291,..
"Population, total",SP.POP.TOTL,Central Europe and the Baltics,CEB,110743128,108447824,103935318,103713726,103496179,103257886,102994278,102740078,102538451,102398494,102172351,..
"Population, total",SP.POP.TOTL,Early-demographic dividend,EAR,2028993568,2472852816,2994346938,3037084158,3079685581,3122156833,3164439749,3206485623,3248413593,3290291029,3332103561,..
"Population, total",SP.POP.TOTL,East Asia & Pacific,EAS,1822134188,2047640091,2240312711,2257904491,2275075985,2291503725,2307625738,2323932848,2338201887,2350759473,2360916965,..
"Population, total",SP.POP.TOTL,East Asia & Pacific (excluding high income),EAP,1605187660,1816455800,1997884913,2014779318,2031185907,2046830024,2062232304,2077970870,2091680327,2103705075,2113820753,..
"Population, total",SP.POP.TOTL,East Asia & Pacific (IDA & IBRD countries),TEA,1584871821,1793498345,1973056377,1989821912,2006100237,2021618425,2036897092,2052513823,2066103849,2078012370,2088015667,..
"Population, total",SP.POP.TOTL,Euro area,EMU,311262608,321310789,336159199,337302111,338462234,339488382,340481755,341217243,341979171,342283354,342708355,..
"Population, total",SP.POP.TOTL,Europe & Central Asia,ECS,841536999,861270071,893755804,898022522,902367876,906669764,910870489,914608311,918031055,920807612,923142688,..
"Population, total",SP.POP.TOTL,Europe & Central Asia (excluding high income),ECA,384394041,391578161,402534958,405034557,407530837,410073645,412538477,414846200,416880073,418757748,420185872,..
"Population, total",SP.POP.TOTL,Europe & Central Asia (IDA & IBRD countries),TEC,427282191,434305092,444865680,447330442,449780961,452263661,454682913,456945557,458942666,460788476,462132622,..
"Population, total",SP.POP.TOTL,European Union,EUU,420477999,429328622,441395937,442469469,443576675,444543761,445487730,446186344,446915113,447197811,447479493,..
"Population, total",SP.POP.TOTL,Fragile and conflict affected situations,FCS,440953223,572303917,772742559,791943328,811249811,830536041,849739853,868954263,888488369,908739462,930004306,..
"Population, total",SP.POP.TOTL,Heavily indebted poor countries (HIPC),HPC,354047283,471680803,660193919,679013004,698336663,718128408,738387077,759106118,780234453,801708019,823480038,..
"Population, total",SP.POP.TOTL,High income,HIC,1001677611,1074819578,1166465944,1173351852,1180423771,1187317397,1194191812,1200273579,1205920193,1210861494,1216834555,..
"Population, total",SP.POP.TOTL,IBRD only,IBD,3472795732,3987186829,4518944265,4566062769,4612371789,4657516187,4701907494,4746018766,4787343661,4826259460,4862308152,..
"Population, total",SP.POP.TOTL,IDA & IBRD total,IBT,4306159746,5065355830,5947406419,6026674017,6105863361,6184735051,6263736146,6343292514,6420905201,6496952025,6570914880,..
"Population, total",SP.POP.TOTL,IDA blend,IDB,278496624,360173395,478335316,489624577,501146189,512877239,524794580,536871945,549127807,561571929,574159138,..
"Population, total",SP.POP.TOTL,IDA only,IDX,554867390,717995606,950126838,970986671,992345383,1014341625,1037034072,1060401803,1084433733,1109120636,1134447590,..
"Population, total",SP.POP.TOTL,IDA total,IDA,833364014,1078169001,1428462154,1460611248,1493491572,1527218864,1561828652,1597273748,1633561540,1670692565,1708606728,..
"Population, total",SP.POP.TOTL,Late-demographic dividend,LTE,1848493286,2045117456,2210411890,2226143139,2241445370,2256036257,2270527108,2285348589,2297874675,2308520840,2316662680,..
"Population, total",SP.POP.TOTL,Latin America & Caribbean,LCN,441855797,520903474,603094656,609595811,615999056,622301041,628493594,634566052,640483827,646431661,652365260,..
"Population, total",SP.POP.TOTL,Latin America & Caribbean (excluding high income),LAC,400034081,471805920,546631449,552552130,558534202,564618410,570838477,577151682,583432088,589503742,595242966,..
"Population, total",SP.POP.TOTL,Latin America & the Caribbean (IDA & IBRD countries),TLA,426777889,504921279,586999600,593506947,599935349,606271936,612511541,618653508,624698076,630644771,636492840,..
"Population, total",SP.POP.TOTL,Least developed countries: UN classification,LDC,506129051,657030890,876617729,897536802,918959067,940860189,963241392,986099903,1009398577,1033088986,1057131013,..
"Population, total",SP.POP.TOTL,Low & middle income,LMY,4258752368,5015312017,5893427777,5972367480,6051379799,6130279781,6209526269,6289507340,6367625423,6444060654,6518228149,..
"Population, total",SP.POP.TOTL,Low income,LIC,291068697,387088076,541205688,555116804,569367413,584084928,599290280,614965124,631147232,647870823,665149035,..
"Population, total",SP.POP.TOTL,Lower middle income,LMC,2012725416,2445096607,2968243908,3013187396,3058248975,3103569257,3149022555,3194517542,3240031866,3285416867,3330640847,..
"Population, total",SP.POP.TOTL,Middle East & North Africa,MEA,254215127,315326781,401968363,409968633,417924350,425821771,433616042,441298977,448974232,456709496,464542370,..
"Population, total",SP.POP.TOTL,Middle East & North Africa (excluding high income),MNA,226259024,279279614,344998428,351290405,357629838,363975556,370294017,376588457,382955167,389457075,396147843,..
"Population, total",SP.POP.TOTL,Middle East & North Africa (IDA & IBRD countries),TMN,224280776,276357461,341018430,347213697,353456440,359705464,365926929,372133652,378386080,384771769,391344574,..
"Population, total",SP.POP.TOTL,Middle income,MIC,3967683671,4628223941,5352222089,5417250676,5482012386,5546194853,5610235989,5674542216,5736478191,5796189831,5853079114,..
"Population, total",SP.POP.TOTL,North America,NAC,277373464,312909974,348656682,351207902,353888902,356507139,359245796,361731237,363967202,365995096,369602187,..
"Population, total",SP.POP.TOTL,Not classified,INX,..,..,..,..,..,..,..,..,..,..,..,..
"Population, total",SP.POP.TOTL,OECD members,OED,1107196961,1200836415,1306807834,1315224394,1324034852,1332787383,1341701902,1350048377,1357997747,1364906735,1372683615,..
"Population, total",SP.POP.TOTL,Other small states,OSS,17430785,20917080,27227313,27794594,28364446,28948893,29542903,30148954,30760469,31361216,31929881,..
"Population, total",SP.POP.TOTL,Pacific island small states,PSS,1694327,1962451,2268553,2295450,2323558,2353578,2385744,2419767,2455336,2491878,2528958,..
"Population, total",SP.POP.TOTL,Post-demographic dividend,PST,964174249,1020504874,1082356457,1087107539,1092062242,1096949064,1101834188,1105944163,1109728820,1112774428,1116984877,..
"Population, total",SP.POP.TOTL,Pre-demographic dividend,PRE,415057402,550660000,775573262,798496024,821931559,845759372,869943573,894512378,919485090,944902748,970795671,..
"Population, total",SP.POP.TOTL,Small states,SST,25134374,29393017,36568506,37213359,37861447,38524668,39198032,39883677,40574734,41254483,41901130,..
"Population, total",SP.POP.TOTL,South Asia,SAS,1133495194,1390946065,1683740452,1705761545,1727632022,1749417067,1771187426,1792883164,1814455018,1835776769,1856882402,..
"Population, total",SP.POP.TOTL,South Asia (IDA & IBRD),TSA,1133495194,1390946065,1683740452,1705761545,1727632022,1749417067,1771187426,1792883164,1814455018,1835776769,1856882402,..
"Population, total",SP.POP.TOTL,Sub-Saharan Africa,SSF,509451875,665327588,917725880,943039474,968958352,995458498,1022530245,1050162810,1078319512,1106957870,1136046775,..
"Population, total",SP.POP.TOTL,Sub-Saharan Africa (excluding high income),SSA,509382368,665246457,917637577,942949525,968866993,995365079,1022435568,1050066967,1078222750,1106860245,1135948313,..
"Population, total",SP.POP.TOTL,Sub-Saharan Africa (IDA & IBRD countries),TSS,509451875,665327588,917725880,943039474,968958352,995458498,1022530245,1050162810,1078319512,1106957870,1136046775,..
"Population, total",SP.POP.TOTL,Upper middle income,UMC,1954958255,2183127334,2383978181,2404063280,2423763411,2442625596,2461213434,2480024674,2496446325,2510772964,2522438267,..
"Population, total",SP.POP.TOTL,World,WLD,5280062644,6114324044,7089254548,7175500378,7261846543,7347679005,7433569330,7519183399,7602432733,7683437977,7763498647,..
GDP per capita (current US$),NY.GDP.PCAP.CD,Afghanistan,AFG,..,..,638.8458516,624.3154545,614.2233424,556.0072209,512.0127781,516.6798622,485.6684187,494.1793499,516.7478708,..
GDP per capita (current US$),NY.GDP.PCAP.CD,Albania,ALB,617.2304355,1126.68334,4247.630047,4413.062005,4578.633208,3952.802538,4124.05539,4531.019374,5287.663694,5395.659532,5246.096346,..
GDP per capita (current US$),NY.GDP.PCAP.CD,Algeria,DZA,2408.822985,1765.027146,5592.220115,5499.587331,5493.056695,4177.889542,3946.452447,4109.698217,4142.018558,3989.668276,3306.858208,..
GDP per capita (current US$),NY.GDP.PCAP.CD,American Samoa,ASM,..,..,11496.5241,11450.7242,11525.15639,12059.63516,12038.2497,11003.82976,11521.60978,11715.36014,12844.90099,..
GDP per capita (current US$),NY.GDP.PCAP.CD,Andorra,AND,18878.85231,21854.2468,38686.46126,39540.72481,41303.92937,35770.7767,37475.63506,38964.90448,41791.96984,40897.33087,..,..
GDP per capita (current US$),NY.GDP.PCAP.CD,Angola,AGO,947.7042621,556.8386317,5100.097027,5254.881126,5408.4117,4166.979833,3506.073128,4095.810057,3289.643995,2809.626088,1776.166868,..
GDP per capita (current US$),NY.GDP.PCAP.CD,Antigua and Barbuda,ATG,7347.646369,10872.29295,13272.73494,12910.59063,13501.58092,14285.32978,15198.74297,15383.5764,16679.59166,17376.64968,13992.74448,..
GDP per capita (current US$),NY.GDP.PCAP.CD,Argentina,ARG,4333.483372,7708.099115,13082.66433,13080.25473,12334.79825,13789.06042,12790.24247,14613.04182,11795.15939,10056.63794,8579.017773,..
GDP per capita (current US$),NY.GDP.PCAP.CD,Armenia,ARM,637.8559212,622.7409229,3681.844691,3838.17388,3986.231624,3607.289299,3591.828052,3914.527854,4220.540321,4604.646324,4266.018074,..
GDP per capita (current US$),NY.GDP.PCAP.CD,Aruba,ABW,12306.71768,20617.75047,24712.49326,26441.61994,26893.01151,28396.90842,28452.17061,29350.80502,30253.27936,..,..,..
GDP per capita (current US$),NY.GDP.PCAP.CD,Australia,AUS,18243.47142,21697.70848,68027.84171,68156.62792,62511.69059,56707.02208,49881.76371,53934.25018,57180.7794,54875.28596,51680.31652,..
GDP per capita (current US$),NY.GDP.PCAP.CD,Austria,AUT,21680.98962,24625.60072,48564.91734,50731.12725,51786.37717,44195.81759,45307.58786,47429.15846,51486.5755,50114.40111,48588.65938,..
GDP per capita (current US$),NY.GDP.PCAP.CD,Azerbaijan,AZE,..,655.1199452,7496.294648,7875.756953,7891.313147,5500.310382,3880.738731,4147.089716,4739.84171,4805.753718,4221.407478,..
GDP per capita (current US$),NY.GDP.PCAP.CD,"Bahamas, The",BHS,12356.231,27098.15632,29485.86422,28583.0233,30065.1602,31776.05559,31732.91914,32376.50917,33290.02814,33799.41769,25194.02514,..
GDP per capita (current US$),NY.GDP.PCAP.CD,Bahrain,BHR,8529.052127,13636.41675,23654.36959,24744.29696,24989.43753,22634.08565,22608.45256,23742.93734,24085.95599,23551.93009,20409.9528,..
GDP per capita (current US$),NY.GDP.PCAP.CD,Bangladesh,BGD,306.2687008,418.0689421,883.1171296,981.8608514,1118.873808,1248.45331,1401.564635,1563.767819,1698.132081,1855.740094,1961.613749,..
GDP per capita (current US$),NY.GDP.PCAP.CD,Barbados,BRB,7711.295456,11268.42006,16249.67395,16451.27931,16489.07224,16524.8995,16900.04829,17391.66891,17745.25537,18148.49785,15373.8547,..
GDP per capita (current US$),NY.GDP.PCAP.CD,Belarus,BLR,2124.767944,1276.288034,6953.132515,7998.125239,8341.399679,5967.052204,5039.681886,5785.670673,6360.062473,6837.717826,6424.152176,..
GDP per capita (current US$),NY.GDP.PCAP.CD,Belgium,BEL,20600.37528,23098.88651,44670.56068,46757.95186,47764.07151,41008.29672,42012.62272,44198.48239,47542.76952,46591.49161,45205.33594,..
GDP per capita (current US$),NY.GDP.PCAP.CD,Belize,BLZ,2197.161593,3364.491731,4505.600593,4568.641228,4718.436581,4770.232656,4856.973249,4945.857699,5001.422157,5078.809944,4115.177008,..
GDP per capita (current US$),NY.GDP.PCAP.CD,Benin,BEN,393.686768,512.673902,1145.140105,1251.209767,1291.410185,1076.796698,1087.287331,1136.593872,1241.825298,1219.515506,1291.040972,..
GDP per capita (current US$),NY.GDP.PCAP.CD,Bermuda,BMU,26841.51974,56284.16865,98431.86518,99471.6389,98467.68399,102005.6256,106885.8785,111820.5815,113023.1856,117098.4463,107079.4798,..
GDP per capita (current US$),NY.GDP.PCAP.CD,Bhutan,BTN,541.9322571,718.196337,2538.949519,2472.724753,2652.225654,2752.630172,2930.574923,3286.596744,3243.477437,3322.863329,3000.779327,..
GDP per capita (current US$),NY.GDP.PCAP.CD,Bolivia,BOL,709.0599824,997.5817489,2609.880562,2908.20037,3081.878823,3035.971655,3076.65644,3351.124344,3548.59078,3552.068143,3133.099803,..
GDP per capita (current US$),NY.GDP.PCAP.CD,Bosnia and Herzegovina,BIH,..,1484.176056,4777.066914,5129.663534,5330.355075,4729.689959,4994.971551,5394.268944,6070.349081,6119.762345,6079.738285,..
GDP per capita (current US$),NY.GDP.PCAP.CD,Botswana,BWA,2945.83204,3522.310821,7050.573472,7224.912737,7495.220866,6402.910183,6982.917492,7296.092142,7503.878588,7203.064221,6404.899932,..
GDP per capita (current US$),NY.GDP.PCAP.CD,Brazil,BRA,2622.262881,3749.910848,12370.22325,12300.38671,12112.83496,8813.989806,8710.06329,9928.675897,9151.381732,8897.552966,6796.844542,..
GDP per capita (current US$),NY.GDP.PCAP.CD,British Virgin Islands,VGB,..,..,..,..,..,..,..,..,..,..,..,..
GDP per capita (current US$),NY.GDP.PCAP.CD,Brunei Darussalam,BRN,13607.89027,18012.50219,47739.55769,44740.85942,41725.86752,31164.03625,27158.40565,28571.60829,31628.47626,31085.96193,27442.95383,..
GDP per capita (current US$),NY.GDP.PCAP.CD,Bulgaria,BGR,2366.529821,1621.242961,7432.478766,7681.93462,7901.785876,7074.681023,7569.478815,8366.293221,9446.700772,9879.268533,10079.20338,..
GDP per capita (current US$),NY.GDP.PCAP.CD,Burkina Faso,BFA,351.9792335,255.7186873,758.000427,787.4694383,792.8462374,653.3272681,688.2506963,734.996268,804.5005378,796.1152068,857.9327297,..
GDP per capita (current US$),NY.GDP.PCAP.CD,Burundi,BDI,208.1466789,136.4639708,252.3588707,256.9756526,274.8578362,305.5496525,260.5652208,253.8263541,238.783467,228.2135892,238.9907259,..
GDP per capita (current US$),NY.GDP.PCAP.CD,Cabo Verde,CPV,908.0881284,1259.353067,3447.4831,3616.03557,3588.625584,3043.031382,3130.998753,3289.902203,3616.464537,3603.775241,3064.272388,..
GDP per capita (current US$),NY.GDP.PCAP.CD,Cambodia,KHM,..,300.613679,950.880346,1013.420536,1093.495976,1162.904995,1269.591499,1385.260066,1512.126989,1643.121389,1543.669258,..
GDP per capita (current US$),NY.GDP.PCAP.CD,Cameroon,CMR,1045.364362,681.102043,1403.522915,1527.751257,1604.214035,1382.50979,1413.255957,1469.4475,1585.240534,1533.095688,1537.130218,..
GDP per capita (current US$),NY.GDP.PCAP.CD,Canada,CAN,21448.36196,24271.00206,52669.08996,52635.17496,50955.99832,43596.13554,42315.60371,45129.4293,46548.63841,46328.67184,43258.26387,..
GDP per capita (current US$),NY.GDP.PCAP.CD,Cayman Islands,CYM,..,..,72777.14849,73514.66868,74990.43322,76284.19393,78471.62873,81513.16302,86059.73922,91392.64259,85082.52686,..
GDP per capita (current US$),NY.GDP.PCAP.CD,Central African Republic,CAF,513.3041877,251.2072914,565.8012071,380.2979111,424.4491317,377.4229177,402.1916451,450.9006579,475.9538139,467.9080323,492.7958712,..
GDP per capita (current US$),NY.GDP.PCAP.CD,Chad,TCD,291.5533573,166.1757089,967.3529488,979.8117426,1020.287979,776.0197523,693.4497674,665.9488849,726.1510071,709.5400432,659.270045,..
GDP per capita (current US$),NY.GDP.PCAP.CD,Channel Islands,CHI,..,43382.82685,..,..,..,..,..,..,..,..,..,..
GDP per capita (current US$),NY.GDP.PCAP.CD,Chile,CHL,2494.526796,5074.902616,15351.54074,15842.93648,14670.98891,13574.16924,13753.59215,14998.81706,15888.14436,14741.7144,13231.70421,..
GDP per capita (current US$),NY.GDP.PCAP.CD,China,CHN,317.884673,959.3724836,6300.615118,7020.338485,7636.116601,8016.431435,8094.363367,8816.986905,9905.342004,10143.83817,10434.77519,..
GDP per capita (current US$),NY.GDP.PCAP.CD,Colombia,COL,1445.32863,2520.481089,8050.255372,8218.347844,8114.343921,6175.87603,5870.777957,6376.706716,6729.583332,6424.979492,5334.556042,..
GDP per capita (current US$),NY.GDP.PCAP.CD,Comoros,COM,1043.790659,647.4258118,1403.360252,1505.337292,1513.830379,1242.585608,1273.050952,1323.814843,1428.290463,1401.542312,1420.661747,..
GDP per capita (current US$),NY.GDP.PCAP.CD,"Congo, Dem. Rep.",COD,270.1305434,405.2162186,424.6003738,457.9637475,486.7870951,497.3170391,471.3188225,467.0742317,560.8073582,580.7168706,543.9503925,..
GDP per capita (current US$),NY.GDP.PCAP.CD,"Congo, Rep.",COG,1187.549772,1032.137542,3923.093509,3883.746848,3776.485568,2447.539308,2050.993415,2169.991504,2606.615331,2369.729494,1846.131297,..
GDP per capita (current US$),NY.GDP.PCAP.CD,Costa Rica,CRI,1831.000151,3789.053886,10075.00462,10744.09102,10847.16967,11642.77805,12011.22275,12225.57449,12485.4239,12693.82796,12140.85415,..
GDP per capita (current US$),NY.GDP.PCAP.CD,Cote d'Ivoire,CIV,905.3220195,1007.46739,1684.781586,1935.946845,2156.645883,1972.545683,2013.381448,2111.026557,2314.050958,2276.332394,2325.723705,..
GDP per capita (current US$),NY.GDP.PCAP.CD,Croatia,HRV,..,4887.713716,13401.65662,13837.73164,13762.37286,11933.37738,12527.73986,13629.28959,15227.5601,15311.7669,14132.48656,..
GDP per capita (current US$),NY.GDP.PCAP.CD,Cuba,CUB,2703.168294,2747.100303,6497.314764,6837.71168,7133.337679,7694.014637,8060.796598,8541.213686,8824.194008,9125.878679,9477.852873,..
GDP per capita (current US$),NY.GDP.PCAP.CD,Curacao,CUW,..,..,20587.39736,20462.71795,20258.00969,19951.3279,19555.36585,19457.53152,19630.89349,19701.27038,16752.96526,..
GDP per capita (current US$),NY.GDP.PCAP.CD,Cyprus,CYP,9641.575273,14388.34806,28912.15694,27729.1927,27163.33297,23408.33668,24605.92083,26608.87509,29334.11093,29206.07672,27527.84531,..
GDP per capita (current US$),NY.GDP.PCAP.CD,Czech Republic,CZE,3941.503094,6029.038193,19870.80121,20133.16914,19890.91991,17829.69832,18575.23203,20636.19995,23419.73561,23660.14881,22933.49959,..
GDP per capita (current US$),NY.GDP.PCAP.CD,Denmark,DNK,26891.44645,30743.54768,58507.50805,61191.1937,62548.98473,53254.85637,54663.99837,57610.09818,61591.92887,59775.7351,61063.31643,..
GDP per capita (current US$),NY.GDP.PCAP.CD,Djibouti,DJI,766.1474429,768.1835703,1559.240651,2312.720948,2464.294905,2658.949245,2802.166204,2914.358197,3141.861711,3414.916178,3425.484176,..
GDP per capita (current US$),NY.GDP.PCAP.CD,Dominica,DMA,2860.322479,4787.801441,6849.455933,7016.380071,7317.486143,7597.288894,8080.968623,7274.517731,7687.462963,8516.280039,7003.859021,..
GDP per capita (current US$),NY.GDP.PCAP.CD,Dominican Republic,DOM,991.6148411,2869.178139,6110.366576,6238.132367,6608.825501,6921.520594,7280.88361,7609.353275,8050.644076,8282.117131,7268.19691,..
GDP per capita (current US$),NY.GDP.PCAP.CD,Ecuador,ECU,1489.529946,1445.279324,5682.046108,6056.331213,6377.093929,6124.490887,6060.092962,6213.503127,6295.934662,6222.524653,5600.389615,..
GDP per capita (current US$),NY.GDP.PCAP.CD,"Egypt, Arab Rep.",EGY,765.6420055,1450.476242,3229.68563,3262.657586,3379.557986,3562.932658,3519.87324,2444.290387,2537.125185,3019.092283,3569.206841,..
GDP per capita (current US$),NY.GDP.PCAP.CD,El Salvador,SLV,914.1317947,2001.540049,3428.409332,3509.526536,3589.042885,3705.579704,3805.995686,3910.254403,4052.624775,4167.730939,3798.636521,..
GDP per capita (current US$),NY.GDP.PCAP.CD,Equatorial Guinea,GNQ,267.4680729,1725.557584,21711.15159,20390.73727,19394.08066,11283.39805,9250.316493,9667.857801,10005.61679,8419.933336,7143.238705,..
GDP per capita (current US$),NY.GDP.PCAP.CD,Eritrea,ERI,..,308.1341868,..,..,..,..,..,..,..,..,..,..
GDP per capita (current US$),NY.GDP.PCAP.CD,Estonia,EST,..,4070.609024,17403.20533,19056.00192,20261.06673,17402.03761,18295.34293,20437.76538,23063.56382,23397.87826,23054.35849,..
GDP per capita (current US$),NY.GDP.PCAP.CD,Eswatini,SWZ,1355.389001,1728.710498,4527.565039,4230.171266,4039.159341,3680.349473,3425.531957,3914.418484,4105.893683,3915.643467,3424.282212,..
GDP per capita (current US$),NY.GDP.PCAP.CD,Ethiopia,ETH,254.2432622,124.4607909,467.0778718,499.5315302,566.9264029,640.5419231,717.1248698,768.5230154,771.5248663,855.7608852,936.3404611,..
GDP per capita (current US$),NY.GDP.PCAP.CD,Faroe Islands,FRO,..,22651.86198,49459.71723,54843.31929,59433.83457,52400.29728,56854.10265,59993.09063,62918.14619,64225.2649,..,..
GDP per capita (current US$),NY.GDP.PCAP.CD,Fiji,FJI,1835.123058,2069.317455,4591.577015,4840.72727,5605.609148,5390.714207,5651.272721,6101.02389,6317.41372,6175.890653,5057.631913,..
GDP per capita (current US$),NY.GDP.PCAP.CD,Finland,FIN,28364.64508,24345.91482,47708.06128,49892.22336,50327.24029,42801.90812,43814.02651,46412.13648,49988.91085,48628.64176,48755.35501,..
GDP per capita (current US$),NY.GDP.PCAP.CD,France,FRA,21793.83554,22419.69482,40872.36246,42605.04438,43068.54872,36652.92231,37062.53357,38781.04949,41592.7959,40578.64429,39037.12263,..
GDP per capita (current US$),NY.GDP.PCAP.CD,French Polynesia,PYF,15913.51087,14324.11866,..,..,..,..,..,..,..,..,..,..
GDP per capita (current US$),NY.GDP.PCAP.CD,Gabon,GAB,6268.918008,4135.99238,9813.505747,9683.58162,9663.42411,7384.700704,6984.419712,7230.434912,7959.007267,7766.996554,6881.715192,..
GDP per capita (current US$),NY.GDP.PCAP.CD,"Gambia, The",GMB,331.8177403,594.1493885,742.7776286,700.5160422,607.4299047,660.7235712,690.7804932,679.7550717,732.7207273,772.0459142,773.0020701,..
GDP per capita (current US$),NY.GDP.PCAP.CD,Georgia,GEO,1614.640122,749.9085236,4421.818242,4623.745725,4739.188338,4014.185944,4062.169888,4357.000936,4722.787783,4697.983652,4256.701186,..
GDP per capita (current US$),NY.GDP.PCAP.CD,Germany,DEU,22303.96133,23694.76048,43855.85447,46298.92292,48023.86998,41103.25644,42136.12079,44652.58917,47973.60762,46794.89929,46252.6893,..
GDP per capita (current US$),NY.GDP.PCAP.CD,Ghana,GHA,398.6370811,258.4710399,1587.560932,2361.090324,2012.264247,1774.074771,1971.956935,2074.290733,2260.860567,2246.625578,2205.529016,..
GDP per capita (current US$),NY.GDP.PCAP.CD,Gibraltar,GIB,..,..,..,..,..,..,..,..,..,..,..,..
GDP per capita (current US$),NY.GDP.PCAP.CD,Greece,GRC,9600.185235,12072.92936,21912.99829,21787.78776,21616.71001,18083.87791,17923.96681,18582.08934,19756.99046,19133.75776,17647.23269,..
GDP per capita (current US$),NY.GDP.PCAP.CD,Greenland,GRL,18326.80512,19004.10729,45936.76595,47535.58995,50484.92757,44536.40131,48181.87419,50766.59942,54270.82231,53041.30331,..,..
GDP per capita (current US$),NY.GDP.PCAP.CD,Grenada,GRD,2886.998204,5056.977259,7444.089075,7789.632355,8370.040472,9096.538652,9628.259169,10152.83281,10466.88221,10827.43529,9261.551876,..
GDP per capita (current US$),NY.GDP.PCAP.CD,Guam,GUM,..,..,32908.30677,33656.45357,34843.20557,35829.25036,36214.00692,36601.91988,36556.67491,38040.58699,34624.34013,..
GDP per capita (current US$),NY.GDP.PCAP.CD,Guatemala,GTM,845.3069621,1664.298958,3355.036919,3522.773706,3779.642336,3994.636913,4173.301666,4454.04815,4478.424646,4638.634943,4603.339617,..
GDP per capita (current US$),NY.GDP.PCAP.CD,Guinea,GIN,419.8098708,363.4822793,717.0505359,769.0031667,787.2385644,769.2554754,732.2915119,855.5752706,955.1112811,1058.143368,1194.037865,..
GDP per capita (current US$),NY.GDP.PCAP.CD,Guinea-Bissau,GNB,250.149442,308.9103184,616.375664,634.6620391,623.3130914,603.3993815,661.4578387,738.5499449,802.7673851,749.453747,727.5201717,..
GDP per capita (current US$),NY.GDP.PCAP.CD,Guyana,GUY,533.5383588,954.4003181,5378.810878,5489.140726,5407.147366,5576.825852,5811.397924,6124.95367,6145.819277,6609.51128,6955.939217,..
GDP per capita (current US$),NY.GDP.PCAP.CD,Haiti,HTI,439.944188,805.0256325,1337.335946,1432.837618,1435.13647,1386.854191,1290.380508,1369.063734,1479.345827,1312.770636,1272.367992,..
GDP per capita (current US$),NY.GDP.PCAP.CD,Honduras,HND,993.4832532,1080.510472,2129.521439,2088.097206,2190.653139,2286.203037,2326.297278,2436.671636,2492.868968,2556.456891,2389.012431,..
GDP per capita (current US$),NY.GDP.PCAP.CD,"Hong Kong SAR, China",HKG,13485.54489,25756.66378,36730.8767,38403.77771,40315.28556,42431.88828,43731.10682,46165.85651,48542.68187,48354.47337,46323.86344,..
GDP per capita (current US$),NY.GDP.PCAP.CD,Hungary,HUN,..,4624.281657,12989.18028,13719.95054,14298.83367,12720.71202,13107.37791,14623.69665,16427.37276,16735.65978,15980.10823,..
GDP per capita (current US$),NY.GDP.PCAP.CD,Iceland,ISL,25384.91475,32096.37226,45995.54788,49804.983,54576.74481,52951.68151,61987.92636,72010.14903,74469.80406,68941.46223,59264.03409,..
GDP per capita (current US$),NY.GDP.PCAP.CD,India,IND,367.5566089,443.3141938,1443.882435,1449.610451,1573.885642,1605.605445,1732.554242,1980.66702,1996.915087,2100.751461,1927.707823,..
GDP per capita (current US$),NY.GDP.PCAP.CD,Indonesia,IDN,585.0765629,780.1902047,3694.35934,3623.927241,3491.637491,3331.695115,3562.816334,3837.578024,3893.859578,4135.201531,3869.588427,..
GDP per capita (current US$),NY.GDP.PCAP.CD,"Iran, Islamic Rep.",IRN,2214.327688,1670.009674,7927.844908,6018.3229,5585.525604,4904.327315,5253.42656,5520.314782,3598.483454,3114.622753,2422.480657,..
GDP per capita (current US$),NY.GDP.PCAP.CD,Iraq,IRQ,10356.90305,2058.264401,6836.073995,7076.552265,6637.684375,4688.318017,4550.658638,4985.452879,5915.850854,5980.626918,4145.862936,..
GDP per capita (current US$),NY.GDP.PCAP.CD,Ireland,IRL,14031.30257,26334.56721,49026.02307,51533.03457,55599.8508,62012.48493,62861.63912,69774.02897,79107.60499,80886.61574,85422.54287,..
GDP per capita (current US$),NY.GDP.PCAP.CD,Isle of Man,IMN,..,20322.68202,79148.33225,83357.13268,92334.64631,85126.97047,82197.12677,83477.83429,89112.66772,86481.55259,..,..
GDP per capita (current US$),NY.GDP.PCAP.CD,Israel,ISR,..,21061.48228,32667.60687,36499.45611,37847.64994,35808.43643,37330.2618,40774.12961,42063.45313,43951.24773,44177.57122,..
GDP per capita (current US$),NY.GDP.PCAP.CD,Italy,ITA,20825.78422,20137.59122,35051.52127,35560.08141,35565.72138,30242.38614,30960.73151,32406.72032,34622.16967,33641.63375,31769.96587,..
GDP per capita (current US$),NY.GDP.PCAP.CD,Jamaica,JAM,1897.690884,3392.123878,5209.859264,4989.734089,4834.284009,4907.927415,4843.7499,5070.099503,5359.993789,5369.498371,4664.530242,..
GDP per capita (current US$),NY.GDP.PCAP.CD,Japan,JPN,25371.46417,39169.35957,49145.28043,40898.6479,38475.39525,34960.63938,39400.73936,38891.08627,39808.16856,40777.6087,40193.25244,..
GDP per capita (current US$),NY.GDP.PCAP.CD,Jordan,JOR,1166.61093,1651.621798,3910.346894,4044.426869,4131.44735,4164.108769,4175.356602,4231.51828,4308.151074,4405.487109,4282.765825,..
GDP per capita (current US$),NY.GDP.PCAP.CD,Kazakhstan,KAZ,1647.463243,1229.001247,12386.69927,13890.63096,12807.26069,10510.77189,7714.841844,9247.581331,9812.626371,9812.595808,9122.23343,..
GDP per capita (current US$),NY.GDP.PCAP.CD,Kenya,KEN,361.3282651,397.4826588,1271.815383,1354.820833,1462.220052,1464.554009,1525.235192,1633.491216,1794.091175,1912.647867,1878.580703,..
GDP per capita (current US$),NY.GDP.PCAP.CD,Kiribati,KIR,549.9010785,796.8032036,1788.691439,1715.814321,1642.820129,1542.616465,1584.738015,1640.571205,1727.845001,1601.861869,1653.540297,..
GDP per capita (current US$),NY.GDP.PCAP.CD,"Korea, Dem. People's Rep.",PRK,..,..,..,..,..,..,..,..,..,..,..,..
GDP per capita (current US$),NY.GDP.PCAP.CD,"Korea, Rep.",KOR,6610.036508,12256.99357,25466.76052,27182.73431,29249.57522,28732.23108,29288.87044,31616.8434,33436.92306,31902.4169,31597.50465,..
GDP per capita (current US$),NY.GDP.PCAP.CD,Kosovo,XKX,..,..,3410.85978,3704.784221,3902.676013,3520.766449,3759.560246,4009.380987,4384.048892,4416.108358,4310.811183,..
GDP per capita (current US$),NY.GDP.PCAP.CD,Kuwait,KWT,8794.606046,18440.37852,51979.12069,49388.05338,44062.34091,29869.55275,27653.15762,29759.46747,33399.06044,32373.25112,24811.76971,..
GDP per capita (current US$),NY.GDP.PCAP.CD,Kyrgyz Republic,KGZ,609.1728912,279.6195693,1177.974735,1282.437162,1279.769783,1121.082835,1120.666513,1242.769643,1308.140165,1374.032105,1175.698152,..
GDP per capita (current US$),NY.GDP.PCAP.CD,Lao PDR,LAO,203.2560175,325.1869371,1581.62871,1831.936916,1999.958203,2140.044323,2324.400917,2455.211559,2569.093892,2635.800015,2629.714583,..
GDP per capita (current US$),NY.GDP.PCAP.CD,Latvia,LVA,..,3361.640869,13847.33794,15007.49186,15742.39134,13786.4568,14331.75159,15695.11515,17865.03109,17926.84159,17736.50375,..
GDP per capita (current US$),NY.GDP.PCAP.CD,Lebanon,LBN,1012.648216,4491.641934,7952.151266,7933.23332,7687.759336,7663.920232,7653.73363,7819.60467,8058.444337,7578.172368,4649.547646,..
GDP per capita (current US$),NY.GDP.PCAP.CD,Lesotho,LSO,350.0587845,436.4881373,1229.636232,1166.911756,1194.575627,1146.064688,1018.931093,1102.94441,1192.48432,1113.37214,875.353433,..
GDP per capita (current US$),NY.GDP.PCAP.CD,Liberia,LBR,..,306.8338642,675.0101918,747.8686601,739.911935,721.5810505,740.914906,721.085044,710.2659984,672.3404992,632.9363856,..
GDP per capita (current US$),NY.GDP.PCAP.CD,Libya,LBY,6514.318567,7142.771786,13025.27932,10363.80425,6466.908237,4337.919139,4035.196802,5756.699325,7877.12461,7685.948132,3699.294765,..
GDP per capita (current US$),NY.GDP.PCAP.CD,Liechtenstein,LIE,49373.61027,74853.93873,149010.2249,173030.2083,178864.8519,167313.2663,165642.3863,171253.9643,180366.7152,175813.8756,..,..
GDP per capita (current US$),NY.GDP.PCAP.CD,Lithuania,LTU,..,3293.229979,14367.70942,15729.65247,16551.0182,14263.96458,15008.31324,16885.40739,19186.18128,19575.76848,20232.30204,..
GDP per capita (current US$),NY.GDP.PCAP.CD,Luxembourg,LUX,33465.47821,48659.59888,112584.6763,120000.1407,123678.7021,105462.0126,106899.2935,110193.2138,117254.7404,113218.7133,116356.158,..
GDP per capita (current US$),NY.GDP.PCAP.CD,"Macao SAR, China",MAC,9442.486665,15835.99101,76572.15179,89260.7571,93022.87514,74818.94813,73545.75824,81019.47377,87526.07999,86197.36569,39403.13591,..
GDP per capita (current US$),NY.GDP.PCAP.CD,Madagascar,MDG,338.9477127,293.6071574,518.1528127,541.0659437,530.8610389,467.2354316,475.9555568,515.2933234,523.9459714,522.9895243,471.4914963,..
GDP per capita (current US$),NY.GDP.PCAP.CD,Malawi,MWI,199.9863636,156.3858168,391.5617052,348.4298737,371.2695217,380.5969877,315.7779871,506.1372944,544.5934354,591.8463896,636.8205368,..
GDP per capita (current US$),NY.GDP.PCAP.CD,Malaysia,MYS,2441.741991,4043.662923,10817.43171,10970.1043,11319.06194,9955.242722,9817.78709,10259.30481,11380.08209,11432.823,10412.34898,..
GDP per capita (current US$),NY.GDP.PCAP.CD,Maldives,MDV,963.6356582,2234.595861,7265.723399,7928.476443,8499.307148,9033.41027,9209.443564,9577.346946,10279.07998,10561.61351,6924.105745,..
GDP per capita (current US$),NY.GDP.PCAP.CD,Mali,MLI,317.3948274,270.542236,778.6252695,805.0339796,848.279043,751.4728866,780.7235695,830.0215153,894.8047765,879.0431873,862.4530188,..
GDP per capita (current US$),NY.GDP.PCAP.CD,Malta,MLT,7191.923603,10432.32812,22527.63676,24771.07658,26754.26845,24921.60368,25741.44606,28250.69777,30672.29224,30186.19596,28423.2002,..
GDP per capita (current US$),NY.GDP.PCAP.CD,Marshall Islands,MHL,1660.340633,2272.678016,3181.6247,3246.63025,3185.261354,3199.886846,3490.998389,3672.576783,3793.550983,4073.10983,4129.850998,..
GDP per capita (current US$),NY.GDP.PCAP.CD,Mauritania,MRT,740.7361713,676.5690224,1815.218939,1892.094,1677.109019,1524.071753,1536.854888,1587.611263,1670.204165,1743.302901,1701.991163,..
GDP per capita (current US$),NY.GDP.PCAP.CD,Mauritius,MUS,2506.179312,3929.075495,9291.227619,9637.00265,10153.93822,9260.447303,9681.618567,10484.90836,11208.34382,11097.16898,8627.843157,..
GDP per capita (current US$),NY.GDP.PCAP.CD,Mexico,MEX,3112.268595,7157.8145,10241.72783,10725.18359,10928.91601,9616.645558,8744.515559,9287.849587,9686.984927,9950.45008,8329.271313,..
GDP per capita (current US$),NY.GDP.PCAP.CD,"Micronesia, Fed. Sts.",FSM,1528.493105,2171.889577,3131.386715,2994.792394,2971.512602,2906.617012,3014.700358,3289.642117,3568.291016,3585.392449,3565.293294,..
GDP per capita (current US$),NY.GDP.PCAP.CD,Moldova,MDA,..,440.6720307,3045.739874,3322.038436,3328.801449,2732.457113,2880.439281,3509.69345,4230.363037,4491.688827,4547.059721,..
GDP per capita (current US$),NY.GDP.PCAP.CD,Monaco,MCO,84303.87843,82365.49236,157520.2194,177673.7454,189432.37,165989.5051,170028.6557,167517.0597,185978.6093,189487.1471,173688.1894,..
GDP per capita (current US$),NY.GDP.PCAP.CD,Mongolia,MNG,1172.446287,474.2170943,4351.888461,4366.089537,4158.521471,3875.321675,3658.3903,3687.100003,4156.84697,4404.84583,4060.950518,..
GDP per capita (current US$),NY.GDP.PCAP.CD,Montenegro,MNE,..,1627.072633,6586.721279,7186.429787,7378.345289,6514.272695,7028.936577,7784.06529,8845.914219,8910.650834,7677.152226,..
GDP per capita (current US$),NY.GDP.PCAP.CD,Morocco,MAR,1206.011886,1334.943464,2912.658275,3121.680081,3171.699192,2875.257985,2896.722196,3035.454433,3226.982794,3235.00066,3058.691689,..
GDP per capita (current US$),NY.GDP.PCAP.CD,Mozambique,MOZ,..,319.3596208,657.6446765,664.0775104,673.969212,589.85905,428.9266729,461.4150941,503.3179252,506.6416391,448.5442807,..
GDP per capita (current US$),NY.GDP.PCAP.CD,Myanmar,MMR,49.26489079,146.6045788,1134.302224,1168.1654,1210.097636,1196.743357,1136.610665,1151.114462,1250.173691,1271.111575,1467.604281,..
GDP per capita (current US$),NY.GDP.PCAP.CD,Namibia,NAM,1947.062911,2185.604115,5942.29274,5392.094938,5469.9014,4896.61526,4546.986688,5367.114674,5588.392864,5009.685904,4179.278066,..
GDP per capita (current US$),NY.GDP.PCAP.CD,Nauru,NRU,..,..,9562.667866,9648.495655,10171.48073,8341.012278,9521.042101,10339.38548,11614.66508,11029.73558,10580.26819,..
GDP per capita (current US$),NY.GDP.PCAP.CD,Nepal,NPL,191.8788839,229.4903926,804.1416073,823.3598746,844.8531248,901.7496077,899.523581,1048.453755,1178.525932,1194.956876,1155.142854,..
GDP per capita (current US$),NY.GDP.PCAP.CD,Netherlands,NLD,21290.86038,26214.49855,50070.1416,52198.89756,52900.53742,45193.40322,46039.10593,48675.22234,53044.53244,52476.27325,52396.03221,..
GDP per capita (current US$),NY.GDP.PCAP.CD,New Caledonia,NCL,14800.79125,16039.16917,37294.02281,38503.25385,39675.56631,32520.29416,32391.19722,33976.55555,36382.48766,34788.52928,..,..
GDP per capita (current US$),NY.GDP.PCAP.CD,New Zealand,NZL,13663.02162,13641.10272,39973.38076,42976.64959,44572.89875,38630.72659,40080.49411,42992.89527,43306.07,42755.21626,41441.46667,..
GDP per capita (current US$),NY.GDP.PCAP.CD,Nicaragua,NIC,241.8764121,1007.499839,1760.460308,1811.636803,1934.062922,2049.851666,2107.57406,2159.156714,2014.575189,1926.699694,1905.261152,..
GDP per capita (current US$),NY.GDP.PCAP.CD,Niger,NER,437.589995,197.8326834,529.7444581,552.569139,564.5967488,484.1531374,500.2149113,517.7715723,570.723922,554.0993893,567.6698923,..
GDP per capita (current US$),NY.GDP.PCAP.CD,Nigeria,NGA,567.528649,567.9307221,2723.822191,2961.549422,3098.985791,2687.480056,2176.002772,1968.565398,2027.778549,2229.858652,2097.092473,..
GDP per capita (current US$),NY.GDP.PCAP.CD,North Macedonia,MKD,2354.275256,1861.898065,4728.308142,5241.058345,5495.735049,4861.553971,5149.589074,5450.492881,6108.740108,6070.388054,5917.262575,..
GDP per capita (current US$),NY.GDP.PCAP.CD,Northern Mariana Islands,MNP,..,..,13736.97197,14091.19118,15044.9359,16314.38355,21891.18479,27584.74351,22886.67405,20659.64029,..,..
GDP per capita (current US$),NY.GDP.PCAP.CD,Norway,NOR,28242.94374,38131.46061,101524.1419,102913.4508,97019.18275,74355.51586,70460.56053,75496.75406,82267.80932,75719.7529,67329.67779,..
GDP per capita (current US$),NY.GDP.PCAP.CD,Oman,OMN,6448.13836,8601.271944,24988.01259,23888.62658,23017.93398,18444.927,16772.73921,17329.18546,18947.3665,17700.70349,14485.38612,..
GDP per capita (current US$),NY.GDP.PCAP.CD,Pakistan,PAK,371.6785676,576.1955804,1198.117637,1208.91771,1251.175719,1356.667831,1368.426961,1464.926195,1482.213067,1288.556325,1188.859757,..
GDP per capita (current US$),NY.GDP.PCAP.CD,Palau,PLW,..,7657.951214,12044.10547,12561.33614,13711.7617,15876.46193,16835.986,16019.98989,15895.2599,15232.48708,14243.86469,..
GDP per capita (current US$),NY.GDP.PCAP.CD,Panama,PAN,2603.847676,4060.317793,10722.26147,11889.09507,12796.07403,13630.30114,14343.98026,15146.40851,15544.99908,15774.25494,12509.83529,..
GDP per capita (current US$),NY.GDP.PCAP.CD,Papua New Guinea,PNG,697.5389685,602.1864903,2790.676303,2729.888751,2920.782986,2679.346579,2509.629637,2695.249009,2801.371393,2820.306397,2757.21753,..
GDP per capita (current US$),NY.GDP.PCAP.CD,Paraguay,PRY,1376.165325,1663.604939,5185.141549,5936.975959,6118.31811,5413.776021,5324.609068,5678.869972,5782.78455,5380.963322,5001.07276,..
GDP per capita (current US$),NY.GDP.PCAP.CD,Peru,PER,1196.586858,1955.588006,6528.971775,6756.752996,6672.877373,6229.100674,6204.996457,6710.507602,6957.793411,7027.612207,6126.87454,..
GDP per capita (current US$),NY.GDP.PCAP.CD,Philippines,PHL,816.0295457,1072.801752,2694.305109,2871.429701,2959.645435,3001.043182,3073.654686,3123.245642,3252.110274,3485.340844,3298.829586,..
GDP per capita (current US$),NY.GDP.PCAP.CD,Poland,POL,1731.209531,4501.454067,13097.27085,13696.4663,14271.30585,12578.49547,12447.43959,13864.68176,15468.48222,15732.20313,15742.45373,..
GDP per capita (current US$),NY.GDP.PCAP.CD,Portugal,PRT,7884.617988,11526.37207,20563.7136,21653.19598,22103.70097,19250.10654,19991.97249,21490.42986,23562.55452,23330.81729,22194.56611,..
GDP per capita (current US$),NY.GDP.PCAP.CD,Puerto Rico,PRI,8652.507492,16192.12697,27944.73389,28513.16574,28981.45733,29763.4883,30627.1634,31108.76057,31604.70151,32850.54861,31429.86612,..
GDP per capita (current US$),NY.GDP.PCAP.CD,Qatar,QAT,15454.17967,29976.16763,85075.98654,85050.68434,83858.34046,63039.11263,57162.96801,59124.86727,65907.94844,62276.42869,50124.38594,..
GDP per capita (current US$),NY.GDP.PCAP.CD,Romania,ROU,1680.705623,1659.90764,8507.104775,9547.852151,10043.67745,8969.148921,9548.587403,10807.00917,12398.98198,12899.34611,12915.24305,..
GDP per capita (current US$),NY.GDP.PCAP.CD,Russian Federation,RUS,3492.710314,1771.594059,15420.87454,15974.64463,14095.64874,9313.013625,8704.898413,10720.33266,11287.35528,11497.64925,10126.72179,..
GDP per capita (current US$),NY.GDP.PCAP.CD,Rwanda,RWA,349.8733096,260.6011858,725.1697703,722.8943285,743.559038,751.0773926,744.7607488,772.3169891,783.6371628,820.1492886,797.8555207,..
GDP per capita (current US$),NY.GDP.PCAP.CD,Samoa,WSM,772.5343204,1542.066736,4020.959844,4037.813829,3937.186246,4071.926959,4109.663228,4258.978767,4187.504729,4322.868457,4067.843459,..
GDP per capita (current US$),NY.GDP.PCAP.CD,San Marino,SMR,..,36604.49338,49988.46363,51570.98395,50817.33082,42662.90265,43828.23246,45399.02906,48996.59225,47731.20854,..,..
GDP per capita (current US$),NY.GDP.PCAP.CD,Sao Tome and Principe,STP,..,..,1330.620114,1564.768548,1770.467688,1584.775657,1700.097997,1813.807434,1953.513257,1987.579702,2157.840446,..
GDP per capita (current US$),NY.GDP.PCAP.CD,Saudi Arabia,SAU,7246.01592,9171.331476,25243.602,24845.12466,24464.21256,20627.92693,19878.76384,20802.46631,23337.01755,23139.79798,20110.31619,..
GDP per capita (current US$),NY.GDP.PCAP.CD,Senegal,SEN,982.0178763,613.7323845,1317.779802,1372.665779,1396.657339,1219.249415,1269.903294,1361.701972,1458.069093,1430.148259,1471.830962,..
GDP per capita (current US$),NY.GDP.PCAP.CD,Serbia,SRB,..,914.7857199,6015.945228,6755.073675,6600.056809,5588.980728,5765.200762,6292.543629,7252.401858,7417.203649,7730.691746,..
GDP per capita (current US$),NY.GDP.PCAP.CD,Seychelles,SYC,5302.843727,7578.851053,12006.68296,14765.67398,14700.33434,14745.34146,15068.62035,15945.26493,15994.81986,16213.48076,10764.42042,..
GDP per capita (current US$),NY.GDP.PCAP.CD,Sierra Leone,SLE,150.3889975,138.6987225,566.3782351,716.8358269,714.6997957,588.2288628,501.4151655,496.6822949,533.9915333,521.7548367,509.376594,..
GDP per capita (current US$),NY.GDP.PCAP.CD,Singapore,SGP,11861.75616,23852.32703,55546.48854,56967.42579,57562.53079,55646.61875,56848.17539,61176.45636,66679.04649,65640.70795,59797.75218,..
GDP per capita (current US$),NY.GDP.PCAP.CD,Sint Maarten (Dutch part),SXM,..,..,28460.33262,27942.88054,33043.68838,32274.89055,31616.6817,29369.05683,28988.25921,..,..,..
GDP per capita (current US$),NY.GDP.PCAP.CD,Slovak Republic,SVK,2405.53516,5426.624281,17429.82975,18208.41759,18655.79011,16342.21626,16512.29299,17538.04858,19389.98216,19303.54566,19266.51357,..
GDP per capita (current US$),NY.GDP.PCAP.CD,Slovenia,SVN,..,10201.30354,22641.80512,23503.28249,24247.17332,20890.16643,21678.35947,23514.02546,26116.85636,25942.95477,25489.50023,..
GDP per capita (current US$),NY.GDP.PCAP.CD,Solomon Islands,SLB,688.5191142,1017.613757,2141.821522,2248.614935,2274.887866,2167.119928,2225.486842,2332.844216,2411.862926,2344.048976,2250.601164,..
GDP per capita (current US$),NY.GDP.PCAP.CD,Somalia,SOM,126.9249732,..,..,350.1681618,374.1147807,386.437817,389.8220615,384.4634014,389.8313955,419.3948077,438.2551656,..
GDP per capita (current US$),NY.GDP.PCAP.CD,South Africa,ZAF,3139.966225,3374.718423,8222.197279,7467.079185,6988.808739,6259.839681,5756.965741,6690.939847,7005.095413,6624.761865,5655.867654,..
GDP per capita (current US$),NY.GDP.PCAP.CD,South Sudan,SSD,..,..,1179.739711,1779.470365,1322.820364,1119.651437,..,..,..,..,..,..
GDP per capita (current US$),NY.GDP.PCAP.CD,Spain,ESP,13804.87679,14749.68742,28322.80925,29067.80946,29500.78943,25742.36883,26523.34822,28170.16786,30364.57994,29554.49052,27056.42175,..
GDP per capita (current US$),NY.GDP.PCAP.CD,Sri Lanka,LKA,463.6187388,869.696285,3350.521876,3610.289363,3819.25353,3843.780672,3886.291502,4077.043841,4059.20823,3852.265603,3680.673477,..
GDP per capita (current US$),NY.GDP.PCAP.CD,St. Kitts and Nevis,KNA,5396.40485,9565.949909,16046.48694,16685.94759,18051.17903,18028.97343,19541.12783,20384.74788,20567.49911,22046.68991,18437.74892,..
GDP per capita (current US$),NY.GDP.PCAP.CD,St. Lucia,LCA,4199.636497,5950.047485,9086.387955,9378.985047,9843.308534,10093.61802,10362.35166,11034.62985,11353.71521,11591.08048,8804.561048,..
GDP per capita (current US$),NY.GDP.PCAP.CD,St. Martin (French part),MAF,..,..,..,..,..,..,..,..,..,..,..,..
GDP per capita (current US$),NY.GDP.PCAP.CD,St. Vincent and the Grenadines,VCT,2236.197812,3676.352092,6390.310632,6639.484897,6684.377547,6921.702479,7074.548765,7213.025857,7361.400962,7460.153362,7278.016297,..
GDP per capita (current US$),NY.GDP.PCAP.CD,Sudan,SDN,483.9526109,366.172742,1039.762051,1160.535552,1303.838955,1329.635962,1069.839957,1011.521216,740.746767,610.9278615,486.4188163,..
GDP per capita (current US$),NY.GDP.PCAP.CD,Suriname,SUR,958.6123321,2012.281651,9200.974786,9402.164419,9471.922001,9168.237157,5872.789429,6295.560562,6938.086981,6853.693411,4916.605666,..
GDP per capita (current US$),NY.GDP.PCAP.CD,Sweden,SWE,30593.67244,29624.91267,58037.82132,61126.9432,60020.36046,51545.48361,51965.15715,53791.50873,54589.06039,51939.42974,52274.40879,..
GDP per capita (current US$),NY.GDP.PCAP.CD,Switzerland,CHE,39607.81909,38952.0342,86547.67089,88109.48675,89684.70758,84776.14217,83073.28008,83352.08865,86388.40495,85334.51946,87100.41482,..
GDP per capita (current US$),NY.GDP.PCAP.CD,Syrian Arab Republic,SYR,1920.631225,4910.777748,2094.408097,1039.17531,1135.125244,916.3580331,707.5052667,942.5189159,1268.235849,1334.370593,..,..
GDP per capita (current US$),NY.GDP.PCAP.CD,Tajikistan,TJK,497.6324574,138.4291467,969.2961039,1048.225602,1104.172358,978.4049812,807.1025861,848.6723799,853.2188734,890.5444024,859.1379611,..
GDP per capita (current US$),NY.GDP.PCAP.CD,Tanzania,TZA,173.7906179,410.9523655,867.8574989,970.3996014,1030.077648,947.9333517,966.5030166,1004.906588,1042.838756,1085.88486,1076.469706,..
GDP per capita (current US$),NY.GDP.PCAP.CD,Thailand,THA,1508.94247,2007.735271,5860.581471,6168.261356,5951.883487,5840.053067,5993.305516,6593.818352,7296.879608,7817.009671,7186.874092,..
GDP per capita (current US$),NY.GDP.PCAP.CD,Timor-Leste,TLS,..,415.0859486,1024.172508,1210.035655,1232.450336,1332.791856,1353.754934,1299.494635,1249.138351,1583.713576,1442.730738,..
GDP per capita (current US$),NY.GDP.PCAP.CD,Togo,TGO,431.4503884,302.958592,571.8067239,621.3988536,640.9342196,570.9099672,803.1518934,830.7452767,901.5230169,893.3524541,914.9507925,..
GDP per capita (current US$),NY.GDP.PCAP.CD,Tonga,TON,1194.541034,2091.113009,4581.783245,4428.146521,4354.24436,4336.239603,4157.877249,4513.432531,4740.700272,4903.012138,4624.823449,..
GDP per capita (current US$),NY.GDP.PCAP.CD,Trinidad and Tobago,TTO,4150.284861,6435.134212,19157.45977,20143.54541,20270.93377,18214.46062,16250.62869,16173.74005,17037.86236,16637.16294,15425.63511,..
GDP per capita (current US$),NY.GDP.PCAP.CD,Tunisia,TUN,1491.119777,2211.835015,4361.687736,4444.816511,4544.016632,4094.836287,3924.363346,3687.777461,3680.892597,3574.654024,3521.591948,..
GDP per capita (current US$),NY.GDP.PCAP.CD,Turkey,TUR,2794.350494,4337.478003,11795.63346,12614.78161,12157.99043,11006.27952,10894.60338,10589.66772,9454.348443,9121.515167,8536.43332,..
GDP per capita (current US$),NY.GDP.PCAP.CD,Turkmenistan,TKM,865.7868319,643.1754381,6675.178055,7304.285771,7962.244925,6432.685325,6387.682575,6587.092604,6967.375043,7612.03518,..,..
GDP per capita (current US$),NY.GDP.PCAP.CD,Turks and Caicos Islands,TCA,..,..,21345.02598,21715.31397,23778.51913,26183.88504,28241.47929,27545.12879,29553.1367,31350.86663,23879.92665,..
GDP per capita (current US$),NY.GDP.PCAP.CD,Tuvalu,TUV,990.3981751,1463.166211,3506.308144,3457.376266,3398.39675,3197.772252,3253.899536,3574.065288,3701.709255,4055.89561,4143.109753,..
GDP per capita (current US$),NY.GDP.PCAP.CD,Uganda,UGA,248.0293243,261.8691416,790.1314506,810.090395,883.5287445,847.2676289,736.5598474,746.8307529,770.6007843,798.5857341,822.0276815,..
GDP per capita (current US$),NY.GDP.PCAP.CD,Ukraine,UKR,1568.536122,658.3445866,4004.804396,4187.739845,3104.643206,2124.662319,2187.73051,2638.326055,3096.561697,3661.456204,3724.938437,..
GDP per capita (current US$),NY.GDP.PCAP.CD,United Arab Emirates,ARE,27729.39059,33291.36625,40976.49075,42412.6395,43751.80565,38663.4005,38141.86713,40644.79119,43839.32449,42701.44305,36284.55524,..
GDP per capita (current US$),NY.GDP.PCAP.CD,United Kingdom,GBR,19095.467,28223.06757,42686.80005,43713.81412,47787.2413,45404.56777,41499.5557,40857.75558,43646.95197,43070.49836,41059.16881,..
GDP per capita (current US$),NY.GDP.PCAP.CD,United States,USA,23888.60001,36334.90878,51602.93105,53106.53677,55049.98833,56863.3715,58021.4005,60109.65573,63064.41841,65279.52903,63206.52108,..
GDP per capita (current US$),NY.GDP.PCAP.CD,Uruguay,URY,2990.367133,6875.025469,15171.58017,16973.68924,16831.94819,15613.74597,16715.63347,18690.89384,18703.86029,17688.01501,15438.41167,..
GDP per capita (current US$),NY.GDP.PCAP.CD,Uzbekistan,UZB,651.4192061,558.2268024,2267.623275,2419.718703,2628.460008,2753.971072,2704.677188,1916.764642,1597.068337,1784.009816,1750.697113,..
GDP per capita (current US$),NY.GDP.PCAP.CD,Vanuatu,VUT,1152.169246,1470.63587,2997.293432,2954.774511,2926.67996,2695.666186,2805.66532,3082.475083,3125.404999,3116.297759,2870.0893,..
GDP per capita (current US$),NY.GDP.PCAP.CD,"Venezuela, RB",VEN,2475.380473,4842.036601,12986.22269,12457.7686,16055.64532,..,..,..,..,..,..,..
GDP per capita (current US$),NY.GDP.PCAP.CD,Vietnam,VNM,95.18825998,390.0933309,1735.152116,1886.69017,2030.278447,2085.101349,2192.174482,2365.521615,2566.447487,2715.27598,2785.724161,..
GDP per capita (current US$),NY.GDP.PCAP.CD,Virgin Islands (U.S.),VIR,..,..,37795.31926,34597.97669,33045.36438,34007.35294,35324.97489,35365.0693,36448.25749,38136.66576,..,..
GDP per capita (current US$),NY.GDP.PCAP.CD,West Bank and Gaza,PSE,..,1476.17185,3067.438727,3315.297539,3352.112595,3272.154324,3527.613824,3620.360487,3562.330943,3656.858271,3239.731108,..
GDP per capita (current US$),NY.GDP.PCAP.CD,"Yemen, Rep.",YEM,482.2481211,554.4486653,1446.536472,1607.152173,1674.002572,1601.830063,1152.720966,964.2648105,758.1452416,..,..,..
GDP per capita (current US$),NY.GDP.PCAP.CD,Zambia,ZMB,408.7693313,345.6896207,1763.069442,1878.346811,1762.427817,1338.290927,1280.806543,1535.196574,1516.368371,1305.001031,985.132436,..
GDP per capita (current US$),NY.GDP.PCAP.CD,Zimbabwe,ZWE,841.9739583,563.0575041,1304.968011,1429.998461,1434.896277,1445.069702,1464.588957,1235.189032,1254.642265,1316.740657,1214.50982,..
GDP per capita (current US$),NY.GDP.PCAP.CD,Africa Eastern and Southern,AFE,724.7532746,713.2459211,1736.16656,1713.899299,1703.596298,1549.03794,1431.778723,1573.063386,1574.978648,1530.059177,1359.618224,..
GDP per capita (current US$),NY.GDP.PCAP.CD,Africa Western and Central,AFW,594.7260092,525.4503429,1965.118485,2157.481149,2212.853135,1894.310195,1673.835527,1613.473553,1704.139603,1777.918672,1710.073363,..
GDP per capita (current US$),NY.GDP.PCAP.CD,Arab World,ARB,2796.699977,2890.227674,7378.23189,7373.201678,7300.030219,6220.716636,5969.616593,5987.341957,6504.148493,6489.043216,5612.68657,..
GDP per capita (current US$),NY.GDP.PCAP.CD,Caribbean small states,CSS,2997.319563,5253.442083,10187.30139,10296.52759,10381.47553,10141.41539,9574.221486,9800.965886,10234.21118,10291.80732,8873.521929,..
GDP per capita (current US$),NY.GDP.PCAP.CD,Central Europe and the Baltics,CEB,2314.688781,3949.43197,13020.74382,13718.184,14164.07445,12522.66106,12831.40994,14254.7381,16047.2797,16346.56181,16180.96792,..
GDP per capita (current US$),NY.GDP.PCAP.CD,Early-demographic dividend,EAR,909.5756939,1367.827703,3371.759281,3375.246699,3443.018722,3229.299011,3257.391915,3473.462861,3452.378585,3503.439733,3201.654261,..
GDP per capita (current US$),NY.GDP.PCAP.CD,East Asia & Pacific,EAS,2599.815831,4089.237805,9432.51315,9463.486973,9686.883505,9579.474371,9845.914175,10442.8595,11297.70605,11477.76105,11477.49173,..
GDP per capita (current US$),NY.GDP.PCAP.CD,East Asia & Pacific (excluding high income),EAP,415.71915,954.9017778,5365.237177,5870.791358,6277.733493,6488.666968,6575.51412,7131.631349,7924.234301,8145.345437,8254.670871,..
GDP per capita (current US$),NY.GDP.PCAP.CD,East Asia & Pacific (IDA & IBRD countries),TEA,420.4522815,965.7563454,5425.766593,5936.805765,6348.109755,6561.191006,6648.812448,7210.916994,8012.14971,8235.583677,8346.03881,..
GDP per capita (current US$),NY.GDP.PCAP.CD,Euro area,EMU,18893.00803,20215.63404,37595.87709,39120.33334,39912.44232,34388.28378,35163.62878,37153.65033,40057.69075,39188.49079,37994.54796,..
GDP per capita (current US$),NY.GDP.PCAP.CD,Europe & Central Asia,ECS,10519.26503,11683.48377,25132.4773,26147.64356,26388.16151,22624.86511,22455.07184,23704.23801,25297.60068,24906.40229,23963.33634,..
GDP per capita (current US$),NY.GDP.PCAP.CD,Europe & Central Asia (excluding high income),ECA,2401.634307,1787.928419,10149.01298,10717.66036,9927.558277,7557.499695,7189.28646,8026.773317,8213.360066,8343.550431,7668.99564,..
GDP per capita (current US$),NY.GDP.PCAP.CD,Europe & Central Asia (IDA & IBRD countries),TEC,2366.853901,2059.062135,10432.47127,11000.65566,10330.79193,8019.893846,7677.400469,8562.5074,8876.153964,9013.795649,8388.78957,..
GDP per capita (current US$),NY.GDP.PCAP.CD,European Union,EUU,15454.96299,16947.62486,33158.89214,34578.05193,35286.11738,30485.02881,31186.63011,33093.77238,35752.22538,35083.70762,34173.48726,..
GDP per capita (current US$),NY.GDP.PCAP.CD,Fragile and conflict affected situations,FCS,1023.143328,875.7538231,2249.296816,2281.140927,2414.418207,1878.713408,1656.735971,1657.340925,1770.231058,1828.649338,1622.191238,..
GDP per capita (current US$),NY.GDP.PCAP.CD,Heavily indebted poor countries (HIPC),HPC,394.1055388,373.9940405,877.2297811,957.3026299,984.8718396,919.2472643,905.3437711,948.7389983,984.8605238,985.1862838,968.6904998,..
GDP per capita (current US$),NY.GDP.PCAP.CD,High income,HIC,18902.3325,25777.48974,42142.99677,42403.84382,43081.2192,40478.26736,41119.29927,42780.59125,45246.89969,45459.90382,43934.5487,..
GDP per capita (current US$),NY.GDP.PCAP.CD,IBRD only,IBD,1022.969703,1467.357735,5574.113723,5827.101629,5963.150601,5534.678566,5526.653885,6042.981493,6366.562673,6461.334545,6149.462886,..
GDP per capita (current US$),NY.GDP.PCAP.CD,IDA & IBRD total,IBT,905.7494067,1260.692559,4532.169193,4733.563475,4841.12191,4494.164375,4461.24653,4840.465332,5080.875749,5144.345338,4891.147627,..
GDP per capita (current US$),NY.GDP.PCAP.CD,IDA blend,IDB,525.3177332,573.9044106,1882.605861,1997.368605,2093.658472,1972.077087,1795.212451,1723.164886,1759.496365,1777.851069,1674.917871,..
GDP per capita (current US$),NY.GDP.PCAP.CD,IDA only,IDX,362.5636849,459.5371901,910.2999682,970.9416978,1013.490207,990.8457394,979.6875448,1037.689587,1088.072474,1118.853957,1126.929433,..
GDP per capita (current US$),NY.GDP.PCAP.CD,IDA total,IDA,417.0219873,496.8187461,1235.892217,1315.019453,1375.944351,1320.367091,1253.714436,1268.089953,1313.77412,1340.363459,1310.672817,..
GDP per capita (current US$),NY.GDP.PCAP.CD,Late-demographic dividend,LTE,1056.100699,1663.957107,7966.772369,8525.57071,8790.016297,8188.333629,8156.92309,8993.153077,9805.685751,9945.172612,9683.494094,..
GDP per capita (current US$),NY.GDP.PCAP.CD,Latin America & Caribbean,LCN,2506.949535,4399.835065,10198.04799,10340.07607,10433.36483,8630.85569,8352.056223,9188.21003,8905.577986,8705.105315,7243.671777,..
GDP per capita (current US$),NY.GDP.PCAP.CD,Latin America & Caribbean (excluding high income),LAC,2424.681003,4198.206308,9674.231156,9829.893489,9776.346543,8240.814501,7930.901915,8744.995172,8408.174698,8226.236324,6779.199717,..
GDP per capita (current US$),NY.GDP.PCAP.CD,Latin America & the Caribbean (IDA & IBRD countries),TLA,2432.331664,4312.356393,10123.57509,10262.03865,10350.59367,8482.301221,8186.788135,9037.221549,8743.527883,8525.421861,7035.753075,..
GDP per capita (current US$),NY.GDP.PCAP.CD,Least developed countries: UN classification,LDC,315.3113097,330.9605025,929.6413918,995.0899308,1047.464775,1004.877618,971.2206043,1039.005941,1052.409685,1070.989965,1053.224833,..
GDP per capita (current US$),NY.GDP.PCAP.CD,Low & middle income,LMY,881.8171494,1196.878469,4372.930229,4573.989021,4666.54154,4371.286749,4339.347951,4705.596406,4933.137291,4999.985276,4754.842938,..
GDP per capita (current US$),NY.GDP.PCAP.CD,Low income,LIC,381.4324197,486.8100825,710.3543146,712.4230939,744.4299767,715.9337401,646.1046361,665.3024541,674.3506031,692.1752812,691.1683328,..
GDP per capita (current US$),NY.GDP.PCAP.CD,Lower middle income,LMC,521.2235423,616.51806,2098.934416,2105.310154,2157.087989,2081.018535,2139.539533,2268.424167,2267.546848,2354.578725,2217.222673,..
GDP per capita (current US$),NY.GDP.PCAP.CD,Middle East & North Africa,MEA,3150.525273,3318.57082,8850.064248,8558.345188,8433.722377,7269.495916,7161.033137,7309.14272,7502.176788,7458.022736,6534.560944,..
GDP per capita (current US$),NY.GDP.PCAP.CD,Middle East & North Africa (excluding high income),MNA,2241.412514,1904.949977,4927.381904,4474.403711,4327.537297,3807.580603,3791.302622,3676.931343,3447.444185,3449.765626,3018.433655,..
GDP per capita (current US$),NY.GDP.PCAP.CD,Middle East & North Africa (IDA & IBRD countries),TMN,2240.999581,1909.483798,4949.089147,4488.013017,4339.054517,3813.93669,3794.449568,3677.608552,3446.056905,3447.243891,3015.703551,..
GDP per capita (current US$),NY.GDP.PCAP.CD,Middle income,MIC,919.1265406,1257.470214,4743.404238,4969.701363,5074.019856,4756.477458,4733.851353,5143.322474,5401.503494,5481.373758,5216.970909,..
GDP per capita (current US$),NY.GDP.PCAP.CD,North America,NAC,23645.61431,35155.79564,51717.78701,53068.03255,54648.01934,55542.96607,56451.5175,58605.35385,61391.28562,63341.62427,61161.15354,..
GDP per capita (current US$),NY.GDP.PCAP.CD,Not classified,INX,..,..,..,..,..,..,..,..,..,..,..,..
GDP per capita (current US$),NY.GDP.PCAP.CD,OECD members,OED,16978.03,23008.32092,37174.07682,37434.19068,37976.15077,35616.01877,36078.12547,37430.39461,39378.37569,39550.78276,38168.06372,..
GDP per capita (current US$),NY.GDP.PCAP.CD,Other small states,OSS,3122.900947,4370.08818,15212.76522,15552.95077,15732.16789,12779.53685,12384.95054,13203.72456,14354.93074,13799.60561,11771.2092,..
GDP per capita (current US$),NY.GDP.PCAP.CD,Pacific island small states,PSS,1387.659645,1755.418082,3608.822436,3702.16591,3970.735635,3832.184552,3963.692373,4220.256561,4340.020744,4270.411064,3768.543357,..
GDP per capita (current US$),NY.GDP.PCAP.CD,Post-demographic dividend,PST,19058.02798,25865.88818,42256.07278,42493.01109,43175.31945,40698.46016,41449.84696,43060.58626,45499.45617,45816.80834,44400.30854,..
GDP per capita (current US$),NY.GDP.PCAP.CD,Pre-demographic dividend,PRE,896.9873231,504.0338004,1684.41887,1798.16989,1838.707882,1558.660687,1385.784918,1407.096929,1462.374181,1489.822323,1332.049211,..
GDP per capita (current US$),NY.GDP.PCAP.CD,Small states,SST,2973.438431,4390.926636,13520.94178,13815.77778,13996.59617,11738.35138,11351.14257,12034.60143,13001.52564,12594.69002,10773.54403,..
GDP per capita (current US$),NY.GDP.PCAP.CD,South Asia,SAS,359.2316694,453.2376041,1366.059425,1383.316909,1496.014996,1543.048131,1652.251801,1867.443968,1894.008884,1959.525845,1823.712912,..
GDP per capita (current US$),NY.GDP.PCAP.CD,South Asia (IDA & IBRD),TSA,359.2316694,453.2376041,1366.059425,1383.316909,1496.014996,1543.048131,1652.251801,1867.443968,1894.008884,1959.525845,1823.712912,..
GDP per capita (current US$),NY.GDP.PCAP.CD,Sub-Saharan Africa,SSF,670.986458,635.9089536,1828.305577,1892.847636,1909.033228,1688.327251,1529.439256,1589.370013,1627.11036,1630.127378,1501.152921,..
GDP per capita (current US$),NY.GDP.PCAP.CD,Sub-Saharan Africa (excluding high income),SSA,670.3521808,635.0559245,1827.326654,1891.619683,1907.827077,1687.101798,1528.185535,1588.059704,1625.820971,1628.841127,1500.349997,..
GDP per capita (current US$),NY.GDP.PCAP.CD,Sub-Saharan Africa (IDA & IBRD countries),TSS,670.986458,635.9089536,1828.305577,1892.847636,1909.033228,1688.327251,1529.439256,1589.370013,1627.11036,1630.127378,1501.152921,..
GDP per capita (current US$),NY.GDP.PCAP.CD,Upper middle income,UMC,1331.215486,1975.32781,8035.981118,8559.85124,8754.537457,8155.881802,8053.167884,8846.476386,9468.932983,9572.872787,9177.891827,..
GDP per capita (current US$),NY.GDP.PCAP.CD,World,WLD,4306.675473,5533.226671,10623.33988,10792.72853,10958.0291,10223.24793,10266.0233,10802.32186,11348.24861,11396.98847,10916.08083,..
,,,,,,,,,,,,,,,
,,,,,,,,,,,,,,,
,,,,,,,,,,,,,,,
Data from database: World Development Indicators,,,,,,,,,,,,,,,
Last Updated: 04/27/2022,,,,,,,,,,,,,,,
